29:59.2,0.033,TCP  ,10055_218,58953,EXT_SERVER,3419,2,92,1,...RS.,0,suspicious
29:01.8,58.256,TCP  ,10004_35,54889,EXT_SERVER,22,7,420,1,.APRSF,0,suspicious
27:01.3,10.018,TCP  ,10006_27,22271,EXT_SERVER,22,15,2163,1,.AP.SF,0,suspicious
28:19.0,122.15,TCP  ,10004_35,61634,EXT_SERVER,22,7,420,1,.APRS.,0,suspicious
27:54.9,8.702,TCP  ,10006_27,54914,EXT_SERVER,22,15,2163,1,.AP.SF,0,suspicious
26:09.3,120.919,TCP  ,10004_35,11926,EXT_SERVER,22,7,387,1,.AP.SF,0,suspicious
31:15.2,8.661,TCP  ,10004_35,53298,EXT_SERVER,22,9,479,1,.APRSF,0,suspicious
31:49.9,9.92,TCP  ,10054_249,41190,EXT_SERVER,22,15,2157,1,.APRSF,0,suspicious
31:58.6,3.441,TCP  ,10004_35,52189,EXT_SERVER,22,2,106,1,...RS.,0,suspicious
30:28.3,121.863,TCP  ,10004_35,51447,EXT_SERVER,22,5,277,1,.APRSF,0,suspicious
29:26.7,9.614,TCP  ,10008_98,36643,EXT_SERVER,22,17,2267,1,.AP.SF,0,suspicious
32:38.8,5.419,TCP  ,10004_35,51400,EXT_SERVER,22,4,226,1,...RS.,0,suspicious
29:36.0,9.233,TCP  ,10008_98,51459,EXT_SERVER,22,17,2267,1,.AP.SF,0,suspicious
32:43.8,7.395,TCP  ,10004_35,41533,EXT_SERVER,22,7,360,1,.A.RSF,0,suspicious
29:44.3,8.669,TCP  ,10006_27,13636,EXT_SERVER,22,15,2163,1,.AP.SF,0,suspicious
29:44.9,9.064,TCP  ,10008_98,36992,EXT_SERVER,22,17,2267,1,.AP.SF,0,suspicious
29:53.6,10.289,TCP  ,10008_98,49312,EXT_SERVER,22,17,2267,1,.AP.SF,0,suspicious
30:03.6,9.916,TCP  ,10008_98,37693,EXT_SERVER,22,17,2283,1,.AP.SF,0,suspicious
30:13.1,8.87,TCP  ,10008_98,51204,EXT_SERVER,22,17,2283,1,.AP.SF,0,suspicious
33:22.7,6.39,TCP  ,10004_35,53103,EXT_SERVER,22,5,274,1,.A.RS.,0,suspicious
30:21.7,9.507,TCP  ,10008_98,33644,EXT_SERVER,22,17,2267,1,.AP.SF,0,suspicious
33:25.8,12.211,TCP  ,10054_249,54021,EXT_SERVER,22,18,2329,1,.APRSF,0,suspicious
30:30.9,9.186,TCP  ,10008_98,44677,EXT_SERVER,22,17,2267,1,.AP.SF,0,suspicious
29:46.3,58.729,TCP  ,10004_35,62374,EXT_SERVER,22,6,374,1,.AP.SF,0,suspicious
30:39.7,10.593,TCP  ,10008_98,52120,EXT_SERVER,22,17,2283,1,.AP.SF,0,suspicious
30:40.3,10.079,TCP  ,10006_27,57913,EXT_SERVER,22,15,2163,1,.AP.SF,0,suspicious
30:45.2,9.186,TCP  ,10054_249,37765,EXT_SERVER,22,19,2371,1,.AP.SF,0,suspicious
30:50.0,10.841,TCP  ,10008_98,35876,EXT_SERVER,22,20,2423,1,.AP.SF,0,suspicious
30:54.1,9.86,TCP  ,10054_249,47082,EXT_SERVER,22,18,2319,1,.AP.SF,0,suspicious
31:00.5,9.077,TCP  ,10008_98,49574,EXT_SERVER,22,17,2267,1,.AP.SF,0,suspicious
31:03.6,10.1,TCP  ,10054_249,56985,EXT_SERVER,22,20,2423,1,.AP.SF,0,suspicious
34:05.5,7.728,TCP  ,10004_35,40092,EXT_SERVER,22,8,427,1,.APRSF,0,suspicious
31:09.3,9.001,TCP  ,10008_98,54539,EXT_SERVER,22,17,2267,1,.AP.SF,0,suspicious
31:13.4,9.738,TCP  ,10054_249,38750,EXT_SERVER,22,20,2423,1,.AP.SF,0,suspicious
31:18.0,9.228,TCP  ,10008_98,58011,EXT_SERVER,22,17,2267,1,.AP.SF,0,suspicious
34:19.1,10.489,TCP  ,10006_27,33256,EXT_SERVER,22,16,2225,1,.APRSF,0,suspicious
31:22.8,9.31,TCP  ,10054_249,49824,EXT_SERVER,22,17,2267,1,.AP.SF,0,suspicious
31:26.9,9.641,TCP  ,10008_98,34226,EXT_SERVER,22,17,2267,1,.AP.SF,0,suspicious
31:31.8,9.733,TCP  ,10054_249,57558,EXT_SERVER,22,17,2267,1,.AP.SF,0,suspicious
31:34.2,9.073,TCP  ,10006_27,34803,EXT_SERVER,22,17,2267,1,.AP.SF,0,suspicious
31:36.2,9.276,TCP  ,10008_98,39119,EXT_SERVER,22,17,2267,1,.AP.SF,0,suspicious
31:41.2,9.074,TCP  ,10054_249,37570,EXT_SERVER,22,15,2163,1,.AP.SF,0,suspicious
31:45.2,8.613,TCP  ,10008_98,43584,EXT_SERVER,22,15,2163,1,.AP.SF,0,suspicious
34:49.2,9.013,TCP  ,10004_35,53363,EXT_SERVER,22,8,705,1,.APRSF,0,suspicious
31:53.5,9.543,TCP  ,10008_98,45550,EXT_SERVER,22,18,2319,1,.AP.SF,0,suspicious
31:59.5,9.357,TCP  ,10054_249,48396,EXT_SERVER,22,17,2283,1,.AP.SF,0,suspicious
32:02.7,9.446,TCP  ,10008_98,49919,EXT_SERVER,22,18,2335,1,.AP.SF,0,suspicious
32:08.7,9.571,TCP  ,10054_249,55477,EXT_SERVER,22,19,2371,1,.AP.SF,0,suspicious
32:11.8,9.987,TCP  ,10008_98,57133,EXT_SERVER,22,17,2267,1,.AP.SF,0,suspicious
32:18.2,9.565,TCP  ,10054_249,33410,EXT_SERVER,22,20,2423,1,.AP.SF,0,suspicious
32:21.5,10.331,TCP  ,10008_98,37448,EXT_SERVER,22,18,2335,1,.AP.SF,0,suspicious
35:17.7,18.864,TCP  ,10006_27,61090,EXT_SERVER,22,15,1839,1,.APRSF,0,suspicious
32:27.4,10.135,TCP  ,10054_249,37841,EXT_SERVER,22,19,2371,1,.AP.SF,0,suspicious
32:28.6,11.319,TCP  ,10006_27,13557,EXT_SERVER,22,16,2215,1,.AP.SF,0,suspicious
32:31.5,10.565,TCP  ,10008_98,46870,EXT_SERVER,22,18,2335,1,.AP.SF,0,suspicious
35:33.1,10.271,TCP  ,10004_35,58938,EXT_SERVER,22,8,435,1,.APRSF,0,suspicious
32:37.6,10.188,TCP  ,10054_249,44622,EXT_SERVER,22,17,2267,1,.AP.SF,0,suspicious
32:41.7,9.775,TCP  ,10008_98,57863,EXT_SERVER,22,17,2267,1,.AP.SF,0,suspicious
32:47.4,10.301,TCP  ,10054_249,51217,EXT_SERVER,22,19,2371,1,.AP.SF,0,suspicious
32:49.3,9.429,TCP  ,10012_231,38013,EXT_SERVER,22,17,2267,1,.AP.SF,0,suspicious
32:51.2,10.716,TCP  ,10008_98,38551,EXT_SERVER,22,17,2267,1,.AP.SF,0,suspicious
32:57.4,9.818,TCP  ,10054_249,60094,EXT_SERVER,22,19,2371,1,.AP.SF,0,suspicious
32:58.5,9.97,TCP  ,10012_231,49828,EXT_SERVER,22,17,2267,1,.AP.SF,0,suspicious
33:06.9,9.532,TCP  ,10054_249,37973,EXT_SERVER,22,17,2267,1,.AP.SF,0,suspicious
33:08.1,9.893,TCP  ,10012_231,60328,EXT_SERVER,22,15,2163,1,.AP.SF,0,suspicious
33:16.1,10.069,TCP  ,10054_249,45373,EXT_SERVER,22,18,2319,1,.AP.SF,0,suspicious
33:17.7,10.107,TCP  ,10012_231,42772,EXT_SERVER,22,17,2267,1,.AP.SF,0,suspicious
33:25.3,10.962,TCP  ,10006_27,10067,EXT_SERVER,22,17,2279,1,.AP.SF,0,suspicious
33:27.5,10.658,TCP  ,10012_231,51738,EXT_SERVER,22,17,2267,1,.AP.SF,0,suspicious
33:37.7,10.519,TCP  ,10054_249,41508,EXT_SERVER,22,20,2423,1,.AP.SF,0,suspicious
33:37.8,10.374,TCP  ,10012_231,34824,EXT_SERVER,22,17,2267,1,.AP.SF,0,suspicious
33:47.9,9.921,TCP  ,10012_231,44271,EXT_SERVER,22,15,2163,1,.AP.SF,0,suspicious
33:47.9,10.012,TCP  ,10054_249,51586,EXT_SERVER,22,20,2439,1,.AP.SF,0,suspicious
32:00.6,121.813,TCP  ,10004_35,43276,EXT_SERVER,22,5,268,1,.A..SF,0,suspicious
33:57.5,10.525,TCP  ,10012_231,52291,EXT_SERVER,22,17,2267,1,.AP.SF,0,suspicious
37:00.7,6.927,TCP  ,10004_35,15129,EXT_SERVER,22,7,383,1,.APRSF,0,suspicious
33:57.5,10.516,TCP  ,10054_249,33785,EXT_SERVER,22,18,2319,1,.AP.SF,0,suspicious
34:07.7,10.304,TCP  ,10012_231,60276,EXT_SERVER,22,17,2267,1,.AP.SF,0,suspicious
34:07.8,10.06,TCP  ,10054_249,46051,EXT_SERVER,22,17,2267,1,.AP.SF,0,suspicious
34:17.6,9.119,TCP  ,10012_231,42608,EXT_SERVER,22,17,2267,1,.AP.SF,0,suspicious
34:26.4,10.278,TCP  ,10012_231,48059,EXT_SERVER,22,15,2163,1,.AP.SF,0,suspicious
34:36.4,9.764,TCP  ,10012_231,57964,EXT_SERVER,22,17,2267,1,.AP.SF,0,suspicious
34:45.8,10.387,TCP  ,10012_231,36189,EXT_SERVER,22,17,2267,1,.AP.SF,0,suspicious
34:55.9,9.687,TCP  ,10012_231,46537,EXT_SERVER,22,15,2163,1,.AP.SF,0,suspicious
35:05.2,9.089,TCP  ,10012_231,53330,EXT_SERVER,22,17,2267,1,.AP.SF,0,suspicious
36:17.5,124.074,TCP  ,10004_35,13726,EXT_SERVER,22,10,817,1,.APRSF,0,suspicious
35:14.0,9.253,TCP  ,10012_231,58339,EXT_SERVER,22,15,2163,1,.AP.SF,0,suspicious
35:22.9,9.915,TCP  ,10012_231,35012,EXT_SERVER,22,17,2267,1,.AP.SF,0,suspicious
35:32.5,10.316,TCP  ,10012_231,41765,EXT_SERVER,22,20,2423,1,.AP.SF,0,suspicious
35:42.5,9.13,TCP  ,10012_231,52310,EXT_SERVER,22,17,2267,1,.AP.SF,0,suspicious
38:29.5,23.611,TCP  ,10004_35,15773,EXT_SERVER,22,7,1029,1,.APRSF,0,suspicious
35:51.3,8.827,TCP  ,10012_231,60941,EXT_SERVER,22,15,2179,1,.AP.SF,0,suspicious
36:00.0,9.697,TCP  ,10012_231,39457,EXT_SERVER,22,17,2267,1,.AP.SF,0,suspicious
37:45.1,87.791,TCP  ,10004_35,11264,EXT_SERVER,22,7,1037,1,.APRSF,0,suspicious
36:09.4,9.976,TCP  ,10012_231,47156,EXT_SERVER,22,18,2319,1,.AP.SF,0,suspicious
36:15.9,9.378,TCP  ,10006_27,36163,EXT_SERVER,22,18,2331,1,.AP.SF,0,suspicious
37:14.3,9.024,TCP  ,10006_27,13940,EXT_SERVER,22,15,2163,1,.AP.SF,0,suspicious
40:40.9,14.112,TCP  ,10004_35,46656,EXT_SERVER,22,7,420,1,.APRSF,0,suspicious
41:00.0,5.826,TCP  ,10006_27,26792,EXT_SERVER,22,7,1029,1,.APRSF,0,suspicious
39:11.9,120.444,TCP  ,10004_35,12678,EXT_SERVER,22,4,231,1,.APRS.,0,suspicious
38:11.3,8.22,TCP  ,10006_27,18294,EXT_SERVER,22,17,2267,1,.AP.SF,0,suspicious
39:07.0,9.558,TCP  ,10006_27,11072,EXT_SERVER,22,15,2163,1,.AP.SF,0,suspicious
42:17.3,5.92,TCP  ,10004_35,47180,EXT_SERVER,22,6,353,1,.APRSF,0,suspicious
41:30.3,90.623,TCP  ,10004_35,49154,EXT_SERVER,22,7,1029,1,.APRS.,0,suspicious
40:01.5,9.647,TCP  ,10006_27,54417,EXT_SERVER,22,17,2267,1,.AP.SF,0,suspicious
40:34.0,0,UDP  ,10025_123,5074,EXT_SERVER,5060,1,437,1,......,0,suspicious
43:02.7,41.435,TCP  ,10004_35,62073,EXT_SERVER,22,6,329,1,.APRSF,0,suspicious
39:54.5,83.321,TCP  ,10004_35,61354,EXT_SERVER,22,6,983,1,.AP.SF,0,suspicious
43:46.4,41.015,TCP  ,10004_35,63132,EXT_SERVER,22,5,925,1,.APRSF,0,suspicious
44:30.4,7.143,TCP  ,10004_35,63885,EXT_SERVER,22,9,1695,1,.APRSF,0,suspicious
41:58.6,9.141,TCP  ,10006_27,12345,EXT_SERVER,22,17,2267,1,.AP.SF,0,suspicious
45:13.4,11.068,TCP  ,10004_35,57106,EXT_SERVER,22,8,453,1,.APRSF,0,suspicious
43:01.0,8.475,TCP  ,10006_27,24768,EXT_SERVER,22,15,2179,1,.AP.SF,0,suspicious
46:41.8,6.918,TCP  ,10004_35,61462,EXT_SERVER,22,5,301,1,.APRS.,0,suspicious
43:58.8,9.222,TCP  ,10006_27,46034,EXT_SERVER,22,15,2163,1,.AP.SF,0,suspicious
44:53.7,9.381,TCP  ,10006_27,36114,EXT_SERVER,22,17,2267,1,.AP.SF,0,suspicious
45:28.1,0.017,UDP  ,10014_199,123,EXT_SERVER,42123,1,76,1,......,0,suspicious
48:41.4,6.913,TCP  ,10004_35,42460,EXT_SERVER,22,6,368,1,.APRSF,0,suspicious
45:48.3,10.459,TCP  ,10006_27,19164,EXT_SERVER,22,17,2283,1,.AP.SF,0,suspicious
46:45.2,9.997,TCP  ,10006_27,11108,EXT_SERVER,22,17,2279,1,.AP.SF,0,suspicious
50:18.5,9.403,TCP  ,10004_35,53573,EXT_SERVER,22,3,166,1,...RS.,0,suspicious
47:40.6,9.254,TCP  ,10006_27,51491,EXT_SERVER,22,14,2111,1,.AP.SF,0,suspicious
48:38.8,10.215,TCP  ,10006_27,33081,EXT_SERVER,22,15,2179,1,.AP.SF,0,suspicious
51:48.4,7.382,TCP  ,10004_35,30230,EXT_SERVER,22,8,427,1,.APRSF,0,suspicious
50:23.5,98.581,TCP  ,10004_35,43768,EXT_SERVER,22,8,1625,1,.APRSF,0,suspicious
47:25.9,120.453,TCP  ,10004_35,10492,EXT_SERVER,22,5,283,1,.AP.SF,0,suspicious
52:18.5,9.582,TCP  ,10006_27,47059,EXT_SERVER,22,18,2397,1,.APRSF,0,suspicious
49:29.8,11.191,TCP  ,10006_27,10493,EXT_SERVER,22,16,2215,1,.AP.SF,0,suspicious
53:04.6,122.433,TCP  ,10004_35,41827,EXT_SERVER,22,6,991,1,.AP.S.,0,suspicious
50:26.2,7.706,TCP  ,10006_27,10445,EXT_SERVER,22,17,2267,1,.AP.SF,0,suspicious
53:27.4,7.51,TCP  ,10004_35,59136,EXT_SERVER,22,9,751,1,.APRSF,0,suspicious
51:19.2,9.518,TCP  ,10006_27,52566,EXT_SERVER,22,15,2163,1,.AP.SF,0,suspicious
54:15.9,22.199,TCP  ,10004_35,12307,EXT_SERVER,22,5,925,1,.APRSF,0,suspicious
52:37.9,123.886,TCP  ,10004_35,40230,EXT_SERVER,22,8,713,1,.APRSF,0,suspicious
55:01.7,5.898,TCP  ,10004_35,36866,EXT_SERVER,22,7,375,1,.APRSF,0,suspicious
55:45.8,6.377,TCP  ,10004_35,44699,EXT_SERVER,22,5,262,1,.A.RSF,0,suspicious
51:07.7,121.376,TCP  ,10004_35,27461,EXT_SERVER,22,4,231,1,.AP.SF,0,suspicious
53:19.0,10.298,TCP  ,10006_27,51150,EXT_SERVER,22,17,2267,1,.AP.SF,0,suspicious
56:46.8,9.485,TCP  ,10008_109,36051,EXT_SERVER,22,17,2261,1,.APRSF,0,suspicious
56:32.0,45.166,TCP  ,10004_35,16257,EXT_SERVER,22,5,925,1,.APRSF,0,suspicious
54:19.3,9.366,TCP  ,10006_27,27095,EXT_SERVER,22,17,2267,1,.AP.SF,0,suspicious
54:45.3,9.636,TCP  ,10008_109,46969,EXT_SERVER,22,16,2215,1,.AP.SF,0,suspicious
54:54.7,9.241,TCP  ,10008_109,56131,EXT_SERVER,22,18,2319,1,.AP.SF,0,suspicious
58:05.8,6.186,TCP  ,10004_35,40358,EXT_SERVER,22,7,1029,1,.APRSF,0,suspicious
55:03.6,10.65,TCP  ,10008_109,33785,EXT_SERVER,22,15,2163,1,.AP.SF,0,suspicious
58:12.0,9.82,TCP  ,10012_195,41130,EXT_SERVER,22,15,2157,1,.APRSF,0,suspicious
55:14.0,9.964,TCP  ,10008_109,44419,EXT_SERVER,22,17,2267,1,.AP.SF,0,suspicious
55:16.2,9.59,TCP  ,10006_27,28233,EXT_SERVER,22,14,2111,1,.AP.SF,0,suspicious
55:23.6,10.243,TCP  ,10008_109,55208,EXT_SERVER,22,15,2163,1,.AP.SF,0,suspicious
55:33.5,9.395,TCP  ,10008_109,41192,EXT_SERVER,22,17,2267,1,.AP.SF,0,suspicious
55:34.0,9.866,TCP  ,10012_195,54923,EXT_SERVER,22,19,2371,1,.AP.SF,0,suspicious
00:10.7,0,TCP  ,10000_214,8830,EXT_SERVER,23,1,46,1,....S.,0,suspicious
00:09.2,15.42,TCP  ,10001_123,4589,EXT_SERVER,22,13,2843,1,.APRS.,0,suspicious
00:27.4,0,TCP  ,10002_148,18816,EXT_SERVER,23,1,46,1,....S.,0,suspicious
00:27.7,14.644,TCP  ,10001_123,3477,EXT_SERVER,22,13,2843,1,.APRS.,0,suspicious
00:56.8,0,TCP  ,10003_214,42182,EXT_SERVER,23,1,46,1,....S.,0,suspicious
00:02.3,62.046,TCP  ,10004_35,57382,EXT_SERVER,22,7,420,1,.APRSF,0,suspicious
00:55.8,14.313,TCP  ,10001_123,3398,EXT_SERVER,22,15,2871,1,.APRS.,0,suspicious
01:28.4,0.001,TCP  ,10005_82,24989,EXT_SERVER,7547,1,46,1,....S.,0,suspicious
01:15.7,13.486,TCP  ,10001_123,2645,EXT_SERVER,22,15,2871,1,.APRS.,0,suspicious
01:30.2,8.33,TCP  ,10004_35,52214,EXT_SERVER,22,6,329,1,.APRSF,0,suspicious
01:33.0,14.508,TCP  ,10001_123,2207,EXT_SERVER,22,16,2917,1,.APRS.,0,suspicious
02:19.5,9.62,TCP  ,10006_27,34328,EXT_SERVER,22,15,2157,1,.APRSF,0,suspicious
00:46.7,120.94,TCP  ,10004_35,49995,EXT_SERVER,22,7,381,1,.APRSF,0,suspicious
02:34.8,14.315,TCP  ,10001_123,1610,EXT_SERVER,22,17,3027,1,.APRS.,0,suspicious
02:14.1,40.647,TCP  ,10004_35,53003,EXT_SERVER,22,7,1029,1,.APRSF,0,suspicious
02:55.0,0,TCP  ,10007_231,28877,EXT_SERVER,23,1,46,1,....S.,0,suspicious
02:59.0,6.452,TCP  ,10004_35,62380,EXT_SERVER,22,6,329,1,.APRSF,0,suspicious
02:50.7,15.876,TCP  ,10001_123,2812,EXT_SERVER,22,16,2917,1,.APRS.,0,suspicious
03:11.8,12.854,TCP  ,10001_123,1702,EXT_SERVER,22,13,2843,1,.APRS.,0,suspicious
03:26.4,10.355,TCP  ,10008_109,48143,EXT_SERVER,22,17,2261,1,.APRSF,0,suspicious
00:32.0,9.631,TCP  ,10006_27,25777,EXT_SERVER,22,15,2163,1,.AP.SF,0,suspicious
04:07.6,0,TCP  ,10009_161,26905,EXT_SERVER,23,1,46,1,....S.,0,suspicious
04:15.6,0,TCP  ,10010_80,36693,EXT_SERVER,23,1,46,1,....S.,0,suspicious
04:20.5,0,TCP  ,10011_88,29538,EXT_SERVER,5358,1,46,1,....S.,0,suspicious
01:26.3,8.605,TCP  ,10006_27,57182,EXT_SERVER,22,17,2283,1,.AP.SF,0,suspicious
04:29.2,9.578,TCP  ,10008_109,48863,EXT_SERVER,22,15,2157,1,.APRSF,0,suspicious
04:46.9,15.424,TCP  ,10001_123,1579,EXT_SERVER,22,16,2917,1,.APRS.,0,suspicious
04:54.4,10.569,TCP  ,10012_231,40964,EXT_SERVER,22,17,2261,1,.APRSF,0,suspicious
05:11.7,10.619,TCP  ,10004_35,13988,EXT_SERVER,22,6,977,1,.APRSF,0,suspicious
05:22.8,0,TCP  ,10013_199,1811,EXT_SERVER,23,1,46,1,....S.,0,suspicious
05:10.1,20.234,TCP  ,10001_123,3792,EXT_SERVER,22,15,2935,1,.APRS.,0,suspicious
05:24.9,10.197,TCP  ,10012_231,47271,EXT_SERVER,22,14,2105,1,.APRSF,0,suspicious
02:39.5,9.602,TCP  ,10008_109,38273,EXT_SERVER,22,15,2163,1,.AP.SF,0,suspicious
05:33.3,15.706,TCP  ,10001_123,2337,EXT_SERVER,22,15,2871,1,.APRS.,0,suspicious
04:28.1,89.131,TCP  ,10004_35,15987,EXT_SERVER,22,8,717,1,.APRSF,0,suspicious
02:48.7,9.967,TCP  ,10008_109,45310,EXT_SERVER,22,16,2215,1,.AP.SF,0,suspicious
03:03.4,0.015,UDP  ,10014_199,123,EXT_SERVER,47847,1,76,1,......,0,suspicious
05:51.1,16.633,TCP  ,10001_123,4429,EXT_SERVER,22,15,3679,1,.APRS.,0,suspicious
02:58.4,9.85,TCP  ,10008_109,56766,EXT_SERVER,22,17,2267,1,.AP.SF,0,suspicious
03:08.0,9.566,TCP  ,10008_109,36559,EXT_SERVER,22,16,2215,1,.AP.SF,0,suspicious
06:14.7,2.874,TCP  ,10015_126,51434,EXT_SERVER,445,2,104,1,....S.,0,suspicious
02:40.8,38.446,TCP  ,10016_97,54464,EXT_SERVER,22,14,1678,1,  0xdb,0,suspicious
03:19.4,2.534,TCP  ,10016_97,55502,EXT_SERVER,22,14,1678,1,  0xdb,0,suspicious
03:14.1,8.734,TCP  ,10006_27,19456,EXT_SERVER,22,15,2163,1,.AP.SF,0,suspicious
03:21.9,2.769,TCP  ,10016_97,55556,EXT_SERVER,22,14,1678,1,  0xdb,0,suspicious
03:17.2,9.432,TCP  ,10008_109,42662,EXT_SERVER,22,15,2179,1,.AP.SF,0,suspicious
06:39.6,5.468,TCP  ,10004_35,22530,EXT_SERVER,22,4,255,1,.APRSF,0,suspicious
03:37.0,10.013,TCP  ,10008_109,54419,EXT_SERVER,22,18,2319,1,.AP.SF,0,suspicious
06:39.3,13.437,TCP  ,10001_123,3246,EXT_SERVER,22,14,2825,1,.APRS.,0,suspicious
03:46.7,11.744,TCP  ,10008_109,36759,EXT_SERVER,22,18,2319,1,.AP.SF,0,suspicious
03:58.1,11.228,TCP  ,10008_109,49845,EXT_SERVER,22,20,2439,1,.AP.SF,0,suspicious
07:10.9,0,TCP  ,10017_11,12419,EXT_SERVER,7547,1,46,1,....S.,0,suspicious
06:57.4,17.283,TCP  ,10001_123,1646,EXT_SERVER,22,14,2825,1,.APRS.,0,suspicious
04:07.7,9.677,TCP  ,10006_27,50067,EXT_SERVER,22,16,2215,1,.AP.SF,0,suspicious
04:09.0,10.916,TCP  ,10008_109,32970,EXT_SERVER,22,17,2283,1,.AP.SF,0,suspicious
03:24.8,61.379,TCP  ,10016_97,55655,EXT_SERVER,22,15,1724,1,  0xdb,0,suspicious
04:19.6,9.938,TCP  ,10008_109,41218,EXT_SERVER,22,15,2163,1,.AP.SF,0,suspicious
04:26.3,3.363,TCP  ,10016_97,57200,EXT_SERVER,22,14,1678,1,  0xdb,0,suspicious
04:35.1,9.588,TCP  ,10012_231,47695,EXT_SERVER,22,15,2163,1,.AP.SF,0,suspicious
04:38.5,9.555,TCP  ,10008_109,54731,EXT_SERVER,22,15,2163,1,.AP.SF,0,suspicious
04:44.4,10.412,TCP  ,10012_231,57489,EXT_SERVER,22,15,2163,1,.AP.SF,0,suspicious
04:57.5,0,UDP  ,10018_14,56475,EXT_SERVER,19,1,46,1,......,0,suspicious
04:47.7,11.03,TCP  ,10008_109,33056,EXT_SERVER,22,19,2383,1,.AP.SF,0,suspicious
05:57.4,120.932,TCP  ,10004_35,23967,EXT_SERVER,22,7,381,1,.APRSF,0,suspicious
03:43.0,76.367,TCP  ,10004_35,63339,EXT_SERVER,22,7,1035,1,.AP.SF,0,suspicious
04:58.4,10.451,TCP  ,10008_109,45455,EXT_SERVER,22,15,2163,1,.AP.SF,0,suspicious
05:02.6,11.406,TCP  ,10006_27,32929,EXT_SERVER,22,19,2383,1,.AP.SF,0,suspicious
05:04.6,10.49,TCP  ,10012_231,52685,EXT_SERVER,22,17,2267,1,.AP.SF,0,suspicious
08:02.9,13.737,TCP  ,10001_123,3727,EXT_SERVER,22,13,2843,1,.APRS.,0,suspicious
04:29.6,48.334,TCP  ,10016_97,57298,EXT_SERVER,22,15,1724,1,  0xdb,0,suspicious
05:08.6,11.045,TCP  ,10008_109,56142,EXT_SERVER,22,17,2279,1,.AP.SF,0,suspicious
05:14.8,10.478,TCP  ,10012_231,37176,EXT_SERVER,22,17,2267,1,.AP.SF,0,suspicious
05:19.3,10.408,TCP  ,10008_109,39670,EXT_SERVER,22,15,2163,1,.AP.SF,0,suspicious
08:22.2,14.172,TCP  ,10001_123,4454,EXT_SERVER,22,17,3079,1,.APRS.,0,suspicious
05:29.1,9.631,TCP  ,10008_109,48593,EXT_SERVER,22,17,2267,1,.AP.SF,0,suspicious
05:34.7,9.745,TCP  ,10012_231,57794,EXT_SERVER,22,18,2319,1,.AP.SF,0,suspicious
05:38.4,10.136,TCP  ,10008_109,56616,EXT_SERVER,22,17,2267,1,.AP.SF,0,suspicious
08:40.5,10.137,TCP  ,10006_27,52579,EXT_SERVER,22,16,2209,1,.APRSF,0,suspicious
05:44.1,9.338,TCP  ,10012_231,38768,EXT_SERVER,22,17,2267,1,.AP.SF,0,suspicious
05:18.0,38.777,TCP  ,10016_97,58548,EXT_SERVER,22,14,1678,1,  0xdb,0,suspicious
05:48.2,9.149,TCP  ,10008_109,34263,EXT_SERVER,22,15,2163,1,.AP.SF,0,suspicious
07:23.3,96.451,TCP  ,10004_35,20505,EXT_SERVER,22,7,389,1,.APRSF,0,suspicious
05:53.1,9.872,TCP  ,10012_231,47681,EXT_SERVER,22,15,2163,1,.AP.SF,0,suspicious
08:53.3,10.573,TCP  ,10004_35,37053,EXT_SERVER,22,8,1075,1,.APRSF,0,suspicious
05:57.4,9.415,TCP  ,10006_27,64858,EXT_SERVER,22,17,2267,1,.AP.SF,0,suspicious
05:57.1,9.953,TCP  ,10008_109,40625,EXT_SERVER,22,17,2279,1,.AP.SF,0,suspicious
06:02.7,10.49,TCP  ,10012_231,56234,EXT_SERVER,22,18,2319,1,.AP.SF,0,suspicious
06:06.7,9.797,TCP  ,10008_109,52709,EXT_SERVER,22,17,2267,1,.AP.SF,0,suspicious
06:12.8,11.948,TCP  ,10012_231,37242,EXT_SERVER,22,18,2319,1,.AP.SF,0,suspicious
09:27.8,0,TCP  ,10019_244,34855,EXT_SERVER,8998,1,46,1,....S.,0,suspicious
05:56.7,32.022,TCP  ,10016_97,59553,EXT_SERVER,22,15,1724,1,  0xdb,0,suspicious
06:28.9,3.384,TCP  ,10016_97,60394,EXT_SERVER,22,13,1632,1,  0xdb,0,suspicious
06:24.4,11.085,TCP  ,10012_231,54449,EXT_SERVER,22,18,2319,1,.AP.SF,0,suspicious
09:39.4,0,TCP  ,10020_81,5155,EXT_SERVER,23,1,46,1,....S.,0,suspicious
06:35.1,12.125,TCP  ,10012_231,39376,EXT_SERVER,22,19,2383,1,.AP.SF,0,suspicious
06:53.1,0,UDP  ,10021_235,5119,EXT_SERVER,5060,1,441,1,......,0,suspicious
06:46.9,9.694,TCP  ,10012_231,54682,EXT_SERVER,22,20,2423,1,.AP.SF,0,suspicious
06:52.4,9.072,TCP  ,10006_27,44454,EXT_SERVER,22,17,2267,1,.AP.SF,0,suspicious
06:56.3,8.811,TCP  ,10012_231,34579,EXT_SERVER,22,15,2163,1,.AP.SF,0,suspicious
06:33.3,34.447,TCP  ,10016_97,60510,EXT_SERVER,22,15,1730,1,  0xdb,0,suspicious
09:52.0,16.822,TCP  ,10001_123,4093,EXT_SERVER,22,16,2917,1,.APRS.,0,suspicious
06:40.2,34.494,TCP  ,10022_138,59498,EXT_SERVER,80,90,17099,1,.AP.SF,0,unknown
07:04.7,9.418,TCP  ,10012_231,40444,EXT_SERVER,22,15,2163,1,.AP.SF,0,suspicious
07:11.2,13.702,TCP  ,10016_97,61392,EXT_SERVER,22,14,1678,1,  0xdb,0,suspicious
07:13.8,10.47,TCP  ,10012_231,47698,EXT_SERVER,22,19,2371,1,.AP.SF,0,suspicious
07:25.2,3.387,TCP  ,10016_97,61812,EXT_SERVER,22,15,1724,1,  0xdb,0,suspicious
07:28.5,3.169,TCP  ,10016_97,61904,EXT_SERVER,22,14,1678,1,  0xdb,0,suspicious
07:23.3,9.028,TCP  ,10012_231,56788,EXT_SERVER,22,15,2163,1,.AP.SF,0,suspicious
10:22.0,13.467,TCP  ,10001_123,2876,EXT_SERVER,22,14,2825,1,.APRS.,0,suspicious
07:32.0,9.483,TCP  ,10012_231,34389,EXT_SERVER,22,15,2163,1,.AP.SF,0,suspicious
10:49.6,0,TCP  ,10023_140,33073,EXT_SERVER,23,1,46,1,....S.,0,suspicious
07:41.1,9.386,TCP  ,10012_231,44196,EXT_SERVER,22,19,2371,1,.AP.SF,0,suspicious
07:46.9,8.716,TCP  ,10006_27,24522,EXT_SERVER,22,14,2127,1,.AP.SF,0,suspicious
10:41.0,16.409,TCP  ,10001_123,2270,EXT_SERVER,22,15,2935,1,.APRS.,0,suspicious
07:50.2,9.534,TCP  ,10012_231,55401,EXT_SERVER,22,15,2195,1,.AP.SF,0,suspicious
07:59.5,9.432,TCP  ,10012_231,37246,EXT_SERVER,22,15,2163,1,.AP.SF,0,suspicious
07:31.8,39.369,TCP  ,10016_97,62008,EXT_SERVER,22,16,1770,1,  0xdb,0,suspicious
08:11.1,2.919,TCP  ,10016_97,62993,EXT_SERVER,22,12,1586,1,  0xdb,0,suspicious
08:14.3,5.827,TCP  ,10016_97,63076,EXT_SERVER,22,14,1678,1,  0xdb,0,suspicious
11:06.8,14.267,TCP  ,10001_123,3520,EXT_SERVER,22,14,2825,1,.APRS.,0,suspicious
11:09.0,12.299,TCP  ,10004_35,10213,EXT_SERVER,22,5,277,1,.APRS.,0,suspicious
11:34.9,0,TCP  ,10024_141,24267,EXT_SERVER,23,1,46,1,....S.,0,suspicious
08:36.2,0,UDP  ,10025_123,5099,EXT_SERVER,5060,1,434,1,......,0,suspicious
11:32.0,14.866,TCP  ,10001_123,3838,EXT_SERVER,22,13,2779,1,.APRS.,0,suspicious
08:20.5,31.307,TCP  ,10016_97,63240,EXT_SERVER,22,13,1632,1,  0xdb,0,suspicious
12:15.7,13.739,TCP  ,10001_123,4057,EXT_SERVER,22,13,2779,1,.APRS.,0,suspicious
08:51.8,44.074,TCP  ,10016_97,64047,EXT_SERVER,22,15,1724,1,  0xdb,0,suspicious
09:37.2,2.923,TCP  ,10016_97,65234,EXT_SERVER,22,13,1632,1,  0xdb,0,suspicious
08:09.3,94.89,TCP  ,10004_35,38184,EXT_SERVER,22,4,255,1,.AP.SF,0,suspicious
09:37.0,8.708,TCP  ,10006_27,45647,EXT_SERVER,22,15,2163,1,.AP.SF,0,suspicious
12:31.1,17.307,TCP  ,10001_123,2513,EXT_SERVER,22,19,3119,1,.APRS.,0,suspicious
12:41.6,11.981,TCP  ,10004_35,32433,EXT_SERVER,22,6,977,1,.APRSF,0,suspicious
13:21.6,0,TCP  ,10026_30,41424,EXT_SERVER,1900,1,46,1,....S.,0,suspicious
10:31.6,8.84,TCP  ,10006_27,20249,EXT_SERVER,22,15,2163,1,.AP.SF,0,suspicious
09:40.1,77.273,TCP  ,10016_97,65317,EXT_SERVER,22,15,1802,1,  0xdb,0,suspicious
10:57.4,3.608,TCP  ,10016_97,50959,EXT_SERVER,22,13,1632,1,  0xdb,0,suspicious
13:51.7,13.213,TCP  ,10001_123,2437,EXT_SERVER,22,13,2779,1,.APRS.,0,suspicious
09:38.1,94.893,TCP  ,10004_35,36064,EXT_SERVER,22,6,383,1,.AP.SF,0,suspicious
14:07.4,13.651,TCP  ,10001_123,3077,EXT_SERVER,22,16,2917,1,.APRS.,0,suspicious
11:26.0,10.46,TCP  ,10006_27,50536,EXT_SERVER,22,16,2247,1,.AP.SF,0,suspicious
14:23.4,14.969,TCP  ,10001_123,1541,EXT_SERVER,22,15,2871,1,.APRS.,0,suspicious
11:00.9,40.206,TCP  ,10016_97,51046,EXT_SERVER,22,18,1862,1,  0xdb,0,suspicious
13:25.2,93.488,TCP  ,10004_35,32044,EXT_SERVER,22,8,449,1,.APRSF,0,suspicious
15:09.5,10.413,TCP  ,10006_27,50078,EXT_SERVER,22,19,2377,1,.APRSF,0,suspicious
11:41.6,42.38,TCP  ,10016_97,52114,EXT_SERVER,22,16,1770,1,  0xdb,0,suspicious
15:09.6,15.767,TCP  ,10001_123,3530,EXT_SERVER,22,18,3119,1,.APRS.,0,suspicious
12:21.8,11.19,TCP  ,10006_27,36018,EXT_SERVER,22,17,2283,1,.AP.SF,0,suspicious
15:41.2,7.369,TCP  ,10027_128,53373,EXT_SERVER,22,2,92,1,...RS.,0,suspicious
15:42.8,12.041,TCP  ,10004_35,18710,EXT_SERVER,22,7,1677,1,.APRSF,0,suspicious
12:24.3,47.586,TCP  ,10016_97,53218,EXT_SERVER,22,13,1632,1,  0xdb,0,suspicious
13:16.0,9.959,TCP  ,10006_27,63547,EXT_SERVER,22,17,2295,1,.AP.SF,0,suspicious
16:14.7,16.143,TCP  ,10001_123,4937,EXT_SERVER,22,16,2917,1,.APRS.,0,suspicious
11:56.7,94.983,TCP  ,10004_35,26532,EXT_SERVER,22,7,459,1,.AP.SF,0,suspicious
16:25.8,22.142,TCP  ,10004_35,41449,EXT_SERVER,22,8,433,1,.APRSF,0,suspicious
16:33.5,15.696,TCP  ,10001_123,2134,EXT_SERVER,22,16,2917,1,.APRS.,0,suspicious
14:09.7,8.111,TCP  ,10006_27,44833,EXT_SERVER,22,15,2163,1,.AP.SF,0,suspicious
17:28.4,0,TCP  ,10028_233,7533,EXT_SERVER,8080,1,46,1,....S.,0,suspicious
17:28.4,0,TCP  ,10028_233,6258,EXT_SERVER,21,1,46,1,....S.,0,suspicious
17:29.4,13.416,TCP  ,10001_123,2094,EXT_SERVER,22,13,2779,1,.APRS.,0,suspicious
17:47.9,14.477,TCP  ,10001_123,1689,EXT_SERVER,22,13,2779,1,.APRS.,0,suspicious
17:58.0,8.431,TCP  ,10004_35,48536,EXT_SERVER,22,7,1029,1,.APRSF,0,suspicious
18:20.0,0,TCP  ,10029_216,20429,EXT_SERVER,23,1,46,1,....S.,0,suspicious
18:04.8,15.386,TCP  ,10001_123,4850,EXT_SERVER,22,16,2981,1,.APRS.,0,suspicious
18:29.8,16.014,TCP  ,10001_123,3805,EXT_SERVER,22,19,3119,1,.APRS.,0,suspicious
17:08.6,120.929,TCP  ,10004_35,36782,EXT_SERVER,22,5,277,1,.APRS.,0,suspicious
19:11.3,0,TCP  ,10030_225,64439,EXT_SERVER,23,1,46,1,....S.,0,suspicious
14:09.2,122.862,TCP  ,10004_35,40183,EXT_SERVER,22,6,328,1,.A..SF,0,suspicious
16:09.4,8.562,TCP  ,10006_27,47619,EXT_SERVER,22,17,2267,1,.AP.SF,0,suspicious
19:09.6,12.121,TCP  ,10012_211,42426,EXT_SERVER,22,20,2417,1,.APRSF,0,suspicious
19:07.1,16.465,TCP  ,10001_123,4268,EXT_SERVER,22,15,3679,1,.APRS.,0,suspicious
19:26.3,13.832,TCP  ,10001_123,2973,EXT_SERVER,22,13,2907,1,.APRS.,0,suspicious
19:37.3,8.706,TCP  ,10004_35,44629,EXT_SERVER,22,9,1423,1,.APRSF,0,suspicious
19:46.1,15.679,TCP  ,10001_123,3845,EXT_SERVER,22,17,2963,1,.APRS.,0,suspicious
20:11.8,0,TCP  ,10031_193,44977,EXT_SERVER,23,1,46,1,....S.,0,suspicious
17:09.9,9.574,TCP  ,10006_27,44700,EXT_SERVER,22,15,2163,1,.AP.SF,0,suspicious
20:13.3,13.99,TCP  ,10001_123,3387,EXT_SERVER,22,14,2825,1,.APRS.,0,suspicious
20:21.2,5.91,TCP  ,10004_35,12133,EXT_SERVER,22,6,353,1,.APRSF,0,suspicious
17:13.4,17.582,TCP  ,10032_241,51671,EXT_SERVER,22,18,2048,1,.AP.SF,0,suspicious
17:15.4,17.184,TCP  ,10032_241,51688,EXT_SERVER,22,17,1984,1,.AP.SF,0,suspicious
20:31.8,13.239,TCP  ,10001_123,4176,EXT_SERVER,22,13,2843,1,.APRS.,0,suspicious
17:38.7,10.018,TCP  ,10012_211,40355,EXT_SERVER,22,17,2267,1,.AP.SF,0,suspicious
17:48.4,10.019,TCP  ,10012_211,47673,EXT_SERVER,22,17,2267,1,.AP.SF,0,suspicious
20:51.6,8.685,TCP  ,10006_27,21966,EXT_SERVER,22,14,2105,1,.APRSF,0,suspicious
17:43.4,18.243,TCP  ,10032_241,51877,EXT_SERVER,22,21,2216,1,.AP.SF,0,suspicious
20:51.9,13.782,TCP  ,10001_123,4778,EXT_SERVER,22,14,2953,1,.APRS.,0,suspicious
21:05.1,0,TCP  ,10033_159,23333,EXT_SERVER,7547,1,46,1,....S.,0,suspicious
17:58.0,11.077,TCP  ,10012_211,53003,EXT_SERVER,22,18,2319,1,.AP.SF,0,suspicious
21:03.8,9.687,TCP  ,10012_211,34529,EXT_SERVER,22,15,2157,1,.APRSF,0,suspicious
18:05.0,10.017,TCP  ,10006_27,24720,EXT_SERVER,22,18,2319,1,.AP.SF,0,suspicious
18:08.7,11.448,TCP  ,10012_211,34198,EXT_SERVER,22,17,2279,1,.AP.SF,0,suspicious
21:09.1,13.236,TCP  ,10001_123,4660,EXT_SERVER,22,14,2825,1,.APRS.,0,suspicious
18:19.9,11.14,TCP  ,10012_211,44175,EXT_SERVER,22,17,2267,1,.AP.SF,0,suspicious
21:35.6,0.116,TCP  ,10034_187,28176,EXT_SERVER,22,2,92,1,...RS.,0,suspicious
21:37.5,0,TCP  ,10035_9,19772,EXT_SERVER,23,1,46,1,....S.,0,suspicious
18:30.8,11.233,TCP  ,10012_211,53196,EXT_SERVER,22,19,2383,1,.AP.SF,0,suspicious
21:45.1,0.3,TCP  ,10036_27,3171,EXT_SERVER,22,2,92,1,...RS.,0,suspicious
18:41.7,9.773,TCP  ,10012_211,60864,EXT_SERVER,22,15,2163,1,.AP.SF,0,suspicious
21:42.6,13.775,TCP  ,10001_123,2590,EXT_SERVER,22,14,2825,1,.APRS.,0,suspicious
18:51.1,9.873,TCP  ,10012_211,37119,EXT_SERVER,22,18,2319,1,.AP.SF,0,suspicious
18:59.9,8.835,TCP  ,10006_27,58993,EXT_SERVER,22,17,2267,1,.AP.SF,0,suspicious
19:00.6,9.299,TCP  ,10012_211,40875,EXT_SERVER,22,17,2267,1,.AP.SF,0,suspicious
22:06.4,16.565,TCP  ,10001_123,2491,EXT_SERVER,22,15,2935,1,.APRS.,0,suspicious
19:20.4,9.676,TCP  ,10012_211,47686,EXT_SERVER,22,20,2423,1,.AP.SF,0,suspicious
21:57.5,34.984,TCP  ,10004_35,18927,EXT_SERVER,22,4,257,1,.APRSF,0,suspicious
19:29.7,10.265,TCP  ,10012_211,50484,EXT_SERVER,22,18,2319,1,.AP.SF,0,suspicious
22:25.6,17.597,TCP  ,10001_123,2380,EXT_SERVER,22,15,2935,1,.APRS.,0,suspicious
19:39.6,10.2,TCP  ,10012_211,57897,EXT_SERVER,22,19,2371,1,.AP.SF,0,suspicious
19:49.5,9.975,TCP  ,10012_211,37095,EXT_SERVER,22,17,2267,1,.AP.SF,0,suspicious
19:55.0,8.526,TCP  ,10006_27,53123,EXT_SERVER,22,17,2267,1,.AP.SF,0,suspicious
23:05.9,0,TCP  ,10037_181,23930,EXT_SERVER,7547,1,46,1,....S.,0,suspicious
19:59.1,8.786,TCP  ,10012_211,43858,EXT_SERVER,22,17,2267,1,.AP.SF,0,suspicious
22:48.3,19.372,TCP  ,10004_35,35507,EXT_SERVER,22,9,524,1,.APRSF,0,suspicious
20:07.5,10.388,TCP  ,10012_211,49530,EXT_SERVER,22,17,2267,1,.AP.SF,0,suspicious
20:17.6,9.292,TCP  ,10012_211,60795,EXT_SERVER,22,17,2267,1,.AP.SF,0,suspicious
23:11.7,15.739,TCP  ,10001_123,3766,EXT_SERVER,22,16,2917,1,.APRS.,0,suspicious
20:26.5,10.169,TCP  ,10012_211,39534,EXT_SERVER,22,17,2267,1,.AP.SF,0,suspicious
20:36.4,9.669,TCP  ,10012_211,52674,EXT_SERVER,22,17,2267,1,.AP.SF,0,suspicious
23:37.5,15.256,TCP  ,10001_123,2496,EXT_SERVER,22,15,2871,1,.APRS.,0,suspicious
20:45.7,9.485,TCP  ,10012_211,38663,EXT_SERVER,22,17,2267,1,.AP.SF,0,suspicious
20:54.9,9.223,TCP  ,10012_211,51497,EXT_SERVER,22,15,2163,1,.AP.SF,0,suspicious
24:17.1,9.903,TCP  ,10004_35,48489,EXT_SERVER,22,8,1081,1,.APRSF,0,suspicious
24:21.7,10.964,TCP  ,10008_98,54500,EXT_SERVER,22,17,2261,1,.APRSF,0,suspicious
21:36.7,12.549,TCP  ,10034_187,59937,EXT_SERVER,22,17,1988,1,.AP.SF,0,suspicious
24:49.2,0.999,TCP  ,10038_52,50869,EXT_SERVER,22,5,238,1,.A.RS.,0,suspicious
24:35.7,15.701,TCP  ,10001_123,2575,EXT_SERVER,22,14,2825,1,.APRS.,0,suspicious
21:48.0,9.024,TCP  ,10006_27,46166,EXT_SERVER,22,17,2283,1,.AP.SF,0,suspicious
21:45.6,15.289,TCP  ,10036_27,43970,EXT_SERVER,22,17,1988,1,.AP.SF,0,suspicious
25:00.1,0,TCP  ,10039_17,10430,EXT_SERVER,23,1,46,1,....S.,0,suspicious
25:02.9,10.018,TCP  ,10008_98,56710,EXT_SERVER,22,15,2157,1,.APRSF,0,suspicious
25:06.4,14.931,TCP  ,10001_123,3193,EXT_SERVER,22,18,3073,1,.APRS.,0,suspicious
25:12.6,9.397,TCP  ,10008_98,39738,EXT_SERVER,22,15,2157,1,.APRSF,0,suspicious
25:32.8,0.001,TCP  ,10040_198,64161,EXT_SERVER,23,1,46,1,....S.,0,suspicious
22:47.9,9.746,TCP  ,10006_27,23777,EXT_SERVER,22,17,2267,1,.AP.SF,0,suspicious
25:49.0,14.006,TCP  ,10001_123,4210,EXT_SERVER,22,13,2779,1,.APRS.,0,suspicious
21:10.6,120.466,TCP  ,10004_35,17029,EXT_SERVER,22,4,231,1,.AP.SF,0,suspicious
26:34.9,13.968,TCP  ,10001_123,1678,EXT_SERVER,22,15,2935,1,.APRS.,0,suspicious
23:43.3,8.861,TCP  ,10006_27,24913,EXT_SERVER,22,15,2163,1,.AP.SF,0,suspicious
26:43.1,10.181,TCP  ,10008_98,56118,EXT_SERVER,22,17,2261,1,.APRSF,0,suspicious
25:01.4,120.913,TCP  ,10004_35,50432,EXT_SERVER,22,5,277,1,.APRSF,0,suspicious
24:04.2,0,UDP  ,10041_1,36621,EXT_SERVER,17,1,46,1,......,0,suspicious
27:02.6,9.573,TCP  ,10008_98,49929,EXT_SERVER,22,17,2261,1,.APRSF,0,suspicious
27:09.9,6.395,TCP  ,10004_35,35213,EXT_SERVER,22,7,1029,1,.APRSF,0,suspicious
24:12.0,10.023,TCP  ,10008_98,39936,EXT_SERVER,22,17,2267,1,.AP.SF,0,suspicious
27:13.9,14.301,TCP  ,10001_123,4598,EXT_SERVER,22,14,2825,1,.APRS.,0,suspicious
27:36.0,0,TCP  ,10042_81,38706,EXT_SERVER,23,1,46,1,....S.,0,suspicious
24:32.3,11.092,TCP  ,10008_98,44030,EXT_SERVER,22,17,2267,1,.AP.SF,0,suspicious
24:41.4,10.592,TCP  ,10006_27,36389,EXT_SERVER,22,17,2279,1,.AP.SF,0,suspicious
24:50.2,2.052,TCP  ,10038_52,53307,EXT_SERVER,22,11,1259,1,.AP.SF,0,suspicious
24:43.1,10.916,TCP  ,10008_98,59306,EXT_SERVER,22,17,2267,1,.AP.SF,0,suspicious
24:52.3,2.657,TCP  ,10038_52,59216,EXT_SERVER,22,11,1259,1,.AP.SF,0,suspicious
27:44.3,12.451,TCP  ,10001_123,1347,EXT_SERVER,22,14,2825,1,.APRS.,0,suspicious
24:54.9,3.069,TCP  ,10038_52,52905,EXT_SERVER,22,11,1259,1,.AP.SF,0,suspicious
24:53.7,9.558,TCP  ,10008_98,47244,EXT_SERVER,22,17,2267,1,.AP.SF,0,suspicious
27:59.6,13.418,TCP  ,10001_123,2560,EXT_SERVER,22,16,2917,1,.APRS.,0,suspicious
25:18.1,2.907,TCP  ,10038_52,54806,EXT_SERVER,22,11,1259,1,.AP.SF,0,suspicious
28:22.7,0,TCP  ,10043_251,60112,EXT_SERVER,7547,1,46,1,....S.,0,suspicious
26:28.3,122.916,TCP  ,10004_35,43830,EXT_SERVER,22,7,389,1,.APRSF,0,suspicious
28:18.4,13.385,TCP  ,10001_123,4520,EXT_SERVER,22,14,2825,1,.APRS.,0,suspicious
25:21.6,11.356,TCP  ,10008_98,45008,EXT_SERVER,22,19,2387,1,.AP.SF,0,suspicious
23:33.2,121.951,TCP  ,10004_35,59264,EXT_SERVER,22,5,268,1,.A..SF,0,suspicious
25:32.7,10.768,TCP  ,10008_98,60051,EXT_SERVER,22,17,2267,1,.AP.SF,0,suspicious
25:41.0,2.394,TCP  ,10038_52,62063,EXT_SERVER,22,11,1259,1,.AP.SF,0,suspicious
25:35.6,9.931,TCP  ,10006_27,12567,EXT_SERVER,22,17,2267,1,.AP.SF,0,suspicious
25:43.4,2.333,TCP  ,10038_52,49170,EXT_SERVER,22,11,1259,1,.AP.SF,0,suspicious
28:39.2,6.914,TCP  ,10004_35,11304,EXT_SERVER,22,8,480,1,.APRSF,0,suspicious
25:45.7,1.61,TCP  ,10038_52,52500,EXT_SERVER,22,11,1259,1,.AP.SF,0,suspicious
25:47.3,2.549,TCP  ,10038_52,56209,EXT_SERVER,22,11,1259,1,.AP.SF,0,suspicious
25:49.8,2.306,TCP  ,10038_52,57117,EXT_SERVER,22,11,1259,1,.AP.SF,0,suspicious
25:43.1,10.183,TCP  ,10008_98,43233,EXT_SERVER,22,17,2267,1,.AP.SF,0,suspicious
25:52.1,1.911,TCP  ,10038_52,58285,EXT_SERVER,22,11,1259,1,.AP.SF,0,suspicious
25:54.7,0,UDP  ,10044_53,5089,EXT_SERVER,5060,1,437,1,......,0,suspicious
28:42.0,13.824,TCP  ,10001_123,4538,EXT_SERVER,22,15,2871,1,.APRS.,0,suspicious
25:54.3,2.19,TCP  ,10038_52,59325,EXT_SERVER,22,11,1259,1,.AP.SF,0,suspicious
25:56.5,2.129,TCP  ,10038_52,61370,EXT_SERVER,22,11,1259,1,.AP.SF,0,suspicious
25:58.6,2.744,TCP  ,10038_52,63029,EXT_SERVER,22,11,1259,1,.AP.SF,0,suspicious
26:01.3,3.14,TCP  ,10038_52,65209,EXT_SERVER,22,11,1259,1,.AP.SF,0,suspicious
25:53.9,11.299,TCP  ,10008_98,54337,EXT_SERVER,22,17,2267,1,.AP.SF,0,suspicious
26:04.7,2.357,TCP  ,10038_52,51302,EXT_SERVER,22,11,1275,1,.AP.SF,0,suspicious
26:07.1,2.288,TCP  ,10038_52,53054,EXT_SERVER,22,11,1259,1,.AP.SF,0,suspicious
26:04.9,10.598,TCP  ,10008_98,44778,EXT_SERVER,22,17,2267,1,.AP.SF,0,suspicious
26:15.2,10.061,TCP  ,10008_98,55951,EXT_SERVER,22,15,2163,1,.AP.SF,0,suspicious
29:14.5,11.573,TCP  ,10006_27,20210,EXT_SERVER,22,17,2273,1,.APRSF,0,suspicious
29:14.8,13.89,TCP  ,10001_123,4643,EXT_SERVER,22,15,2981,1,.APRS.,0,suspicious
26:24.9,9.201,TCP  ,10008_98,38327,EXT_SERVER,22,19,2371,1,.AP.SF,0,suspicious
26:30.5,8.687,TCP  ,10006_27,51482,EXT_SERVER,22,17,2267,1,.AP.SF,0,suspicious
29:39.4,0.393,TCP  ,10045_44,42664,EXT_SERVER,22,2,94,1,...RS.,0,suspicious
26:33.8,9.702,TCP  ,10008_98,46661,EXT_SERVER,22,15,2163,1,.AP.SF,0,suspicious
29:33.1,14.062,TCP  ,10001_123,3797,EXT_SERVER,22,13,2779,1,.APRS.,0,suspicious
29:22.7,36.322,TCP  ,10004_35,17145,EXT_SERVER,22,4,242,1,.APRSF,0,suspicious
26:53.0,9.948,TCP  ,10008_98,38003,EXT_SERVER,22,19,2383,1,.AP.SF,0,suspicious
30:08.3,6.455,TCP  ,10004_35,38088,EXT_SERVER,22,6,374,1,.APRSF,0,suspicious
27:16.7,0,UDP  ,10046_8,49204,EXT_SERVER,1900,1,122,1,......,0,suspicious
30:02.3,13.707,TCP  ,10001_123,2934,EXT_SERVER,22,13,2843,1,.APRS.,0,suspicious
25:43.7,95.245,TCP  ,10004_35,44381,EXT_SERVER,22,6,983,1,.AP.SF,0,suspicious
30:18.3,0,TCP  ,10047_158,62086,EXT_SERVER,5358,1,46,1,....S.,0,suspicious
27:11.9,9.063,TCP  ,10008_98,34213,EXT_SERVER,22,17,2283,1,.AP.SF,0,suspicious
30:28.8,0,TCP  ,10048_130,12655,EXT_SERVER,7547,1,46,1,....S.,0,suspicious
27:20.6,9.685,TCP  ,10008_98,45357,EXT_SERVER,22,20,2423,1,.AP.SF,0,suspicious
27:25.5,9.183,TCP  ,10006_27,39644,EXT_SERVER,22,15,2163,1,.AP.SF,0,suspicious
27:29.9,10.084,TCP  ,10008_98,58125,EXT_SERVER,22,18,2335,1,.AP.SF,0,suspicious
30:34.1,13.506,TCP  ,10001_123,1514,EXT_SERVER,22,13,2779,1,.APRS.,0,suspicious
27:39.7,9.691,TCP  ,10008_98,42768,EXT_SERVER,22,17,2283,1,.AP.SF,0,suspicious
30:59.1,16.131,TCP  ,10001_123,3240,EXT_SERVER,22,17,3073,1,.APRS.,0,suspicious
28:19.6,8.568,TCP  ,10006_27,28474,EXT_SERVER,22,15,2163,1,.AP.SF,0,suspicious
31:01.1,35.676,TCP  ,10004_35,15509,EXT_SERVER,22,6,977,1,.APRSF,0,suspicious
31:46.7,14.956,TCP  ,10001_123,1523,EXT_SERVER,22,17,2963,1,.APRS.,0,suspicious
32:17.9,13.768,TCP  ,10001_123,2794,EXT_SERVER,22,13,2971,1,.APRS.,0,suspicious
32:39.2,8.311,TCP  ,10004_35,63437,EXT_SERVER,22,6,977,1,.APRSF,0,suspicious
32:35.3,15.815,TCP  ,10001_123,2259,EXT_SERVER,22,16,2917,1,.APRS.,0,suspicious
27:55.8,120.956,TCP  ,10004_35,34748,EXT_SERVER,22,5,268,1,.A..SF,0,suspicious
32:54.0,6.892,TCP  ,10006_27,30243,EXT_SERVER,22,8,1081,1,.APRSF,0,suspicious
30:10.4,9.244,TCP  ,10006_27,16678,EXT_SERVER,22,14,2111,1,.AP.SF,0,suspicious
33:20.2,0,TCP  ,10049_233,31331,EXT_SERVER,5358,1,46,1,....S.,0,suspicious
33:35.3,13.349,TCP  ,10001_123,4480,EXT_SERVER,22,15,2999,1,.APRS.,0,suspicious
33:49.9,0,TCP  ,10050_43,40447,EXT_SERVER,5351,1,46,1,....S.,0,suspicious
33:54.6,13.417,TCP  ,10001_123,4865,EXT_SERVER,22,15,2935,1,.APRS.,0,suspicious
33:24.4,45.827,TCP  ,10004_35,11723,EXT_SERVER,22,6,977,1,.APRSF,0,suspicious
31:05.2,9.799,TCP  ,10006_27,53609,EXT_SERVER,22,15,2163,1,.AP.SF,0,suspicious
34:30.0,0.001,TCP  ,10051_187,14726,EXT_SERVER,23,1,46,1,....S.,0,suspicious
34:48.6,0,TCP  ,10052_132,26863,EXT_SERVER,7547,1,46,1,....S.,0,suspicious
34:35.5,13.875,TCP  ,10001_123,3096,EXT_SERVER,22,18,3073,1,.APRS.,0,suspicious
34:47.3,9.202,TCP  ,10006_27,25160,EXT_SERVER,22,15,2157,1,.APRSF,0,suspicious
31:58.7,10.011,TCP  ,10006_27,29635,EXT_SERVER,22,15,2179,1,.AP.SF,0,suspicious
35:16.4,0.089,TCP  ,10053_64,48411,EXT_SERVER,3389,2,92,1,...RS.,0,suspicious
34:05.7,79.963,TCP  ,10004_35,51965,EXT_SERVER,22,4,225,1,.APRS.,0,suspicious
35:18.0,13.571,TCP  ,10001_123,2269,EXT_SERVER,22,13,2779,1,.APRS.,0,suspicious
35:32.8,10.519,TCP  ,10054_208,43573,EXT_SERVER,22,17,2261,1,.APRSF,0,suspicious
35:37.3,15.509,TCP  ,10001_123,2398,EXT_SERVER,22,16,2917,1,.APRS.,0,suspicious
35:42.9,10.852,TCP  ,10054_208,53518,EXT_SERVER,22,14,2105,1,.APRSF,0,suspicious
31:48.3,74.183,TCP  ,10004_35,35407,EXT_SERVER,22,6,359,1,.AP.SF,0,suspicious
36:02.1,14.505,TCP  ,10001_123,3864,EXT_SERVER,22,14,2825,1,.APRS.,0,suspicious
36:19.8,15.874,TCP  ,10001_123,4734,EXT_SERVER,22,14,2889,1,.APRS.,0,suspicious
35:22.0,75.514,TCP  ,10004_35,26910,EXT_SERVER,22,6,353,1,.APRSF,0,suspicious
33:50.6,10.321,TCP  ,10006_27,56101,EXT_SERVER,22,15,2163,1,.AP.SF,0,suspicious
36:51.4,17.339,TCP  ,10001_123,2846,EXT_SERVER,22,16,3155,1,.APRS.,0,suspicious
37:17.3,0,TCP  ,10055_218,58953,EXT_SERVER,3431,1,46,1,....S.,0,suspicious
37:25.1,14.298,TCP  ,10001_123,4956,EXT_SERVER,22,14,2825,1,.APRS.,0,suspicious
37:48.0,13.857,TCP  ,10001_123,1433,EXT_SERVER,22,14,2935,1,.APRS.,0,suspicious
35:02.2,10.292,TCP  ,10054_208,42792,EXT_SERVER,22,17,2267,1,.AP.SF,0,suspicious
36:11.7,120.93,TCP  ,10004_35,50699,EXT_SERVER,22,5,262,1,.A.RS.,0,suspicious
37:45.9,27.21,TCP  ,10004_35,13681,EXT_SERVER,22,6,349,1,.APRS.,0,suspicious
35:12.2,10.817,TCP  ,10054_208,51802,EXT_SERVER,22,17,2267,1,.AP.SF,0,suspicious
35:22.6,10.475,TCP  ,10054_208,33619,EXT_SERVER,22,17,2267,1,.AP.SF,0,suspicious
38:30.1,6.377,TCP  ,10004_35,16806,EXT_SERVER,22,7,381,1,.APRSF,0,suspicious
35:44.8,8.599,TCP  ,10006_27,43798,EXT_SERVER,22,17,2267,1,.AP.SF,0,suspicious
38:46.1,14.463,TCP  ,10001_123,3467,EXT_SERVER,22,14,2825,1,.APRS.,0,suspicious
35:52.9,9.653,TCP  ,10054_208,33414,EXT_SERVER,22,17,2267,1,.AP.SF,0,suspicious
36:02.2,10.715,TCP  ,10054_208,40525,EXT_SERVER,22,19,2383,1,.AP.SF,0,suspicious
36:13.6,0,UDP  ,10056_250,41027,EXT_SERVER,53413,1,46,1,......,0,suspicious
39:13.0,6.975,TCP  ,10004_35,62220,EXT_SERVER,22,7,381,1,.APRS.,0,suspicious
36:12.6,10.083,TCP  ,10054_208,51266,EXT_SERVER,22,17,2267,1,.AP.SF,0,suspicious
39:07.8,14.245,TCP  ,10001_123,4030,EXT_SERVER,22,16,3027,1,.APRS.,0,suspicious
36:22.3,10.239,TCP  ,10054_208,59734,EXT_SERVER,22,17,2267,1,.AP.SF,0,suspicious
39:24.7,13.469,TCP  ,10001_123,1359,EXT_SERVER,22,14,2825,1,.APRS.,0,suspicious
36:32.2,10.263,TCP  ,10054_208,38622,EXT_SERVER,22,17,2267,1,.AP.SF,0,suspicious
36:40.6,9.674,TCP  ,10006_27,44042,EXT_SERVER,22,17,2267,1,.AP.SF,0,suspicious
36:42.1,10.471,TCP  ,10054_208,46540,EXT_SERVER,22,17,2267,1,.AP.SF,0,suspicious
39:40.7,14.067,TCP  ,10001_123,3338,EXT_SERVER,22,16,2981,1,.APRS.,0,suspicious
36:52.3,10.273,TCP  ,10054_208,56177,EXT_SERVER,22,17,2267,1,.AP.SF,0,suspicious
40:03.7,0,TCP  ,10057_204,64474,EXT_SERVER,5358,1,46,1,....S.,0,suspicious
37:11.6,0.016,UDP  ,10014_199,123,EXT_SERVER,53871,1,76,1,......,0,suspicious
37:02.2,9.902,TCP  ,10054_208,35943,EXT_SERVER,22,15,2163,1,.AP.SF,0,suspicious
37:11.7,10.758,TCP  ,10054_208,44129,EXT_SERVER,22,15,2163,1,.AP.SF,0,suspicious
40:07.7,14.875,TCP  ,10001_123,4302,EXT_SERVER,22,18,3009,1,.APRS.,0,suspicious
40:23.6,0,TCP  ,10058_178,57992,EXT_SERVER,23,1,46,1,....S.,0,suspicious
37:22.2,11.114,TCP  ,10054_208,56682,EXT_SERVER,22,19,2383,1,.AP.SF,0,suspicious
40:27.2,14.635,TCP  ,10001_123,3733,EXT_SERVER,22,13,2779,1,.APRS.,0,suspicious
37:33.0,10.813,TCP  ,10054_208,43889,EXT_SERVER,22,17,2267,1,.AP.SF,0,suspicious
37:37.8,9.507,TCP  ,10006_27,17577,EXT_SERVER,22,15,2163,1,.AP.SF,0,suspicious
40:42.3,9.505,TCP  ,10004_35,64038,EXT_SERVER,22,6,353,1,.APRSF,0,suspicious
37:43.4,9.528,TCP  ,10054_208,57366,EXT_SERVER,22,19,2383,1,.AP.SF,0,suspicious
40:49.7,8.437,TCP  ,10054_249,57553,EXT_SERVER,22,17,2261,1,.APRSF,0,suspicious
37:52.6,10.157,TCP  ,10054_208,38113,EXT_SERVER,22,17,2267,1,.AP.SF,0,suspicious
38:08.2,0,UDP  ,10059_133,41424,EXT_SERVER,123,1,76,1,......,0,suspicious
40:57.8,10.533,TCP  ,10054_249,33416,EXT_SERVER,22,16,2237,1,.APRSF,0,suspicious
38:02.4,12.021,TCP  ,10054_208,51997,EXT_SERVER,22,19,2371,1,.AP.SF,0,suspicious
38:14.1,11.603,TCP  ,10054_208,39394,EXT_SERVER,22,15,2163,1,.AP.SF,0,suspicious
38:25.3,10.748,TCP  ,10054_208,53082,EXT_SERVER,22,17,2267,1,.AP.SF,0,suspicious
41:28.7,17.695,TCP  ,10001_123,3987,EXT_SERVER,22,15,3119,1,.APRS.,0,suspicious
38:38.7,10.714,TCP  ,10006_27,14360,EXT_SERVER,22,14,2111,1,.AP.SF,0,suspicious
41:25.0,30.301,TCP  ,10004_35,60715,EXT_SERVER,22,6,977,1,.APRSF,0,suspicious
36:59.0,125.671,TCP  ,10004_35,36147,EXT_SERVER,22,8,459,1,.AP.SF,0,suspicious
41:49.9,15.357,TCP  ,10001_123,1677,EXT_SERVER,22,14,2889,1,.APRS.,0,suspicious
42:16.0,0,TCP  ,10060_92,16308,EXT_SERVER,23,1,46,1,....S.,0,suspicious
42:25.9,13.97,TCP  ,10001_123,4327,EXT_SERVER,22,13,2779,1,.APRS.,0,suspicious
42:08.2,32.196,TCP  ,10004_35,58486,EXT_SERVER,22,7,1301,1,.APRSF,0,suspicious
39:35.6,10.873,TCP  ,10006_27,40264,EXT_SERVER,22,18,2331,1,.AP.SF,0,suspicious
43:04.8,13.851,TCP  ,10001_123,1942,EXT_SERVER,22,13,2843,1,.APRS.,0,suspicious
43:15.2,10.578,TCP  ,10006_27,36533,EXT_SERVER,22,16,2221,1,.APRSF,0,suspicious
40:21.4,9.677,TCP  ,10054_249,57504,EXT_SERVER,22,18,2319,1,.AP.SF,0,suspicious
40:30.8,9.44,TCP  ,10054_249,39562,EXT_SERVER,22,17,2267,1,.AP.SF,0,suspicious
40:32.0,8.72,TCP  ,10006_27,42862,EXT_SERVER,22,16,2215,1,.AP.SF,0,suspicious
40:39.9,10.176,TCP  ,10054_249,48434,EXT_SERVER,22,18,2319,1,.AP.SF,0,suspicious
43:43.4,14.007,TCP  ,10001_123,4386,EXT_SERVER,22,13,2843,1,.APRS.,0,suspicious
44:05.4,0,TCP  ,10061_213,61969,EXT_SERVER,23,1,46,1,....S.,0,suspicious
41:07.0,9.754,TCP  ,10054_249,40543,EXT_SERVER,22,17,2267,1,.AP.SF,0,suspicious
39:57.0,85.598,TCP  ,10004_35,62441,EXT_SERVER,22,6,983,1,.AP.SF,0,suspicious
44:10.6,12.873,TCP  ,10001_123,4649,EXT_SERVER,22,13,2779,1,.APRS.,0,suspicious
41:16.4,9.84,TCP  ,10054_249,47792,EXT_SERVER,22,15,2163,1,.AP.SF,0,suspicious
41:25.1,9.428,TCP  ,10006_27,14524,EXT_SERVER,22,15,2163,1,.AP.SF,0,suspicious
41:25.9,9.602,TCP  ,10054_249,55458,EXT_SERVER,22,18,2335,1,.AP.SF,0,suspicious
41:35.2,9.574,TCP  ,10054_249,33823,EXT_SERVER,22,17,2267,1,.AP.SF,0,suspicious
44:29.4,14.67,TCP  ,10001_123,1970,EXT_SERVER,22,15,2981,1,.APRS.,0,suspicious
41:44.5,10.734,TCP  ,10054_249,41143,EXT_SERVER,22,19,2371,1,.AP.SF,0,suspicious
42:54.7,121.796,TCP  ,10004_35,25456,EXT_SERVER,22,4,210,1,.A.RS.,0,suspicious
44:46.1,12.688,TCP  ,10001_123,3332,EXT_SERVER,22,14,2825,1,.APRS.,0,suspicious
41:54.9,9.63,TCP  ,10054_249,52486,EXT_SERVER,22,17,2283,1,.AP.SF,0,suspicious
45:05.6,0,TCP  ,10062_187,19782,EXT_SERVER,23,1,46,1,....S.,0,suspicious
42:04.2,9.647,TCP  ,10054_249,33637,EXT_SERVER,22,17,2267,1,.AP.SF,0,suspicious
45:05.8,11.057,TCP  ,10006_27,30773,EXT_SERVER,22,17,2261,1,.APRSF,0,suspicious
45:04.2,14.629,TCP  ,10001_123,3111,EXT_SERVER,22,15,2871,1,.APRS.,0,suspicious
42:13.5,10.762,TCP  ,10054_249,41600,EXT_SERVER,22,20,2423,1,.AP.SF,0,suspicious
42:21.2,9.347,TCP  ,10006_27,62051,EXT_SERVER,22,15,2163,1,.AP.SF,0,suspicious
42:23.9,9.495,TCP  ,10054_249,52409,EXT_SERVER,22,17,2267,1,.AP.SF,0,suspicious
45:22.4,12.166,TCP  ,10001_123,4831,EXT_SERVER,22,15,2871,1,.APRS.,0,suspicious
43:40.2,121.902,TCP  ,10004_35,47617,EXT_SERVER,22,7,381,1,.APRSF,0,suspicious
42:33.1,10.078,TCP  ,10054_249,60186,EXT_SERVER,22,17,2267,1,.AP.SF,0,suspicious
42:42.8,11.649,TCP  ,10054_249,40250,EXT_SERVER,22,22,2527,1,.AP.SF,0,suspicious
45:41.1,17.045,TCP  ,10001_123,4313,EXT_SERVER,22,16,3003,1,.APRS.,0,suspicious
42:54.1,9.948,TCP  ,10054_249,53522,EXT_SERVER,22,17,2267,1,.AP.SF,0,suspicious
45:54.5,12.082,TCP  ,10004_35,50985,EXT_SERVER,22,6,977,1,.APRSF,0,suspicious
46:01.8,10.589,TCP  ,10006_27,47583,EXT_SERVER,22,15,2157,1,.APRSF,0,suspicious
43:03.7,10.557,TCP  ,10054_249,32858,EXT_SERVER,22,20,2423,1,.AP.SF,0,suspicious
46:16.0,0,TCP  ,10063_249,6000,EXT_SERVER,1433,1,46,1,....S.,0,suspicious
43:13.9,9.685,TCP  ,10054_249,43404,EXT_SERVER,22,17,2267,1,.AP.SF,0,suspicious
46:10.0,13.223,TCP  ,10001_123,2176,EXT_SERVER,22,14,2825,1,.APRS.,0,suspicious
44:23.5,123.246,TCP  ,10004_35,59332,EXT_SERVER,22,8,441,1,.APRS.,0,suspicious
46:32.2,0,TCP  ,10064_214,29748,EXT_SERVER,23,1,46,1,....S.,0,suspicious
43:23.3,10.949,TCP  ,10054_249,52264,EXT_SERVER,22,19,2371,1,.AP.SF,0,suspicious
46:28.7,13.776,TCP  ,10001_123,4077,EXT_SERVER,22,14,2889,1,.APRS.,0,suspicious
43:42.4,1.071,TCP  ,10065_254,21771,EXT_SERVER,22,6,341,1,.AP.SF,0,suspicious
43:33.9,11.886,TCP  ,10054_249,35772,EXT_SERVER,22,17,2267,1,.AP.SF,0,suspicious
46:43.8,5.459,TCP  ,10004_35,14320,EXT_SERVER,22,6,359,1,.APRSF,0,suspicious
43:45.8,9.997,TCP  ,10054_249,54108,EXT_SERVER,22,17,2267,1,.AP.SF,0,suspicious
46:45.8,13.101,TCP  ,10001_123,3579,EXT_SERVER,22,15,2871,1,.APRS.,0,suspicious
45:09.6,123.245,TCP  ,10004_35,28726,EXT_SERVER,22,5,289,1,.APRS.,0,suspicious
44:09.1,8.892,TCP  ,10006_27,14341,EXT_SERVER,22,17,2267,1,.AP.SF,0,suspicious
47:06.2,14.367,TCP  ,10001_123,3496,EXT_SERVER,22,17,3091,1,.APRS.,0,suspicious
47:24.2,8.105,TCP  ,10066_254,26766,EXT_SERVER,22,9,509,1,.APRSF,0,suspicious
47:37.3,0,TCP  ,10067_58,58027,EXT_SERVER,23,1,46,1,....S.,0,suspicious
47:25.0,14.349,TCP  ,10001_123,4655,EXT_SERVER,22,14,2889,1,.APRS.,0,suspicious
47:36.5,6.817,TCP  ,10004_35,37514,EXT_SERVER,22,7,381,1,.APRS.,0,suspicious
47:50.2,9.186,TCP  ,10006_27,62763,EXT_SERVER,22,17,2261,1,.APRSF,0,suspicious
48:08.4,0.981,TCP  ,10068_180,4226,EXT_SERVER,445,3,144,1,....S.,0,suspicious
47:55.3,15.104,TCP  ,10001_123,2246,EXT_SERVER,22,17,3073,1,.APRS.,0,suspicious
48:15.7,0,TCP  ,10069_152,36292,EXT_SERVER,3306,1,46,1,....S.,0,suspicious
48:12.0,13.279,TCP  ,10001_123,4851,EXT_SERVER,22,14,2935,1,.APRS.,0,suspicious
45:31.6,1.051,TCP  ,10070_111,8049,EXT_SERVER,22,6,341,1,.AP.SF,0,suspicious
48:28.2,14.255,TCP  ,10001_123,4645,EXT_SERVER,22,13,2779,1,.APRS.,0,suspicious
48:45.5,0,TCP  ,10071_129,33530,EXT_SERVER,5093,1,46,1,....S.,0,suspicious
48:43.9,15.868,TCP  ,10001_123,2403,EXT_SERVER,22,15,2871,1,.APRS.,0,suspicious
49:07.3,10.874,TCP  ,10004_35,62175,EXT_SERVER,22,5,301,1,.APRSF,0,suspicious
49:20.0,0.058,TCP  ,10072_182,60232,EXT_SERVER,22,2,92,1,...RS.,0,suspicious
49:19.3,17.563,TCP  ,10001_123,1667,EXT_SERVER,22,16,2917,1,.APRS.,0,suspicious
49:40.8,0,TCP  ,10073_107,58558,EXT_SERVER,9200,1,46,1,....S.,0,suspicious
49:50.5,10.46,TCP  ,10006_27,20452,EXT_SERVER,22,15,2173,1,.APRSF,0,suspicious
46:58.3,9.068,TCP  ,10006_27,16058,EXT_SERVER,22,17,2279,1,.AP.SF,0,suspicious
49:58.7,14.07,TCP  ,10001_123,1137,EXT_SERVER,22,13,2779,1,.APRS.,0,suspicious
48:21.0,121.48,TCP  ,10004_35,32906,EXT_SERVER,22,5,291,1,.APRS.,0,suspicious
50:32.8,0,TCP  ,10074_236,22117,EXT_SERVER,23,1,46,1,....S.,0,suspicious
50:23.0,16.879,TCP  ,10001_123,1497,EXT_SERVER,22,15,2871,1,.APRS.,0,suspicious
50:50.7,9.655,TCP  ,10006_27,58318,EXT_SERVER,22,17,2273,1,.APRSF,0,suspicious
50:52.7,13.962,TCP  ,10001_123,4479,EXT_SERVER,22,13,2779,1,.APRS.,0,suspicious
51:09.9,15.398,TCP  ,10001_123,2051,EXT_SERVER,22,14,2825,1,.APRS.,0,suspicious
49:56.0,120.927,TCP  ,10004_35,59817,EXT_SERVER,22,5,277,1,.APRSF,0,suspicious
51:56.3,0,TCP  ,10075_122,40715,EXT_SERVER,23,1,46,1,....S.,0,suspicious
48:50.7,9.679,TCP  ,10006_27,22255,EXT_SERVER,22,17,2267,1,.AP.SF,0,suspicious
51:48.6,14.261,TCP  ,10001_123,2288,EXT_SERVER,22,13,2779,1,.APRS.,0,suspicious
52:06.8,0.001,TCP  ,10076_51,38841,EXT_SERVER,5358,1,46,1,....S.,0,suspicious
52:16.2,8.436,TCP  ,10004_35,24339,EXT_SERVER,22,4,255,1,.APRSF,0,suspicious
52:18.0,12.274,TCP  ,10001_123,3697,EXT_SERVER,22,14,2889,1,.APRS.,0,suspicious
49:20.7,18.051,TCP  ,10072_182,34897,EXT_SERVER,22,25,2404,1,.AP.SF,0,suspicious
50:42.1,127.847,TCP  ,10004_35,47313,EXT_SERVER,22,7,381,1,.APRSF,0,suspicious
52:48.4,12.964,TCP  ,10001_123,4327,EXT_SERVER,22,13,2843,1,.APRS.,0,suspicious
53:05.6,12.576,TCP  ,10001_123,3480,EXT_SERVER,22,13,2779,1,.APRS.,0,suspicious
53:53.9,0,TCP  ,10077_237,12455,EXT_SERVER,3306,1,46,1,....S.,0,suspicious
53:54.4,0,TCP  ,10078_129,46983,EXT_SERVER,23,1,46,1,....S.,0,suspicious
53:47.7,12.353,TCP  ,10001_123,1278,EXT_SERVER,22,15,2871,1,.APRS.,0,suspicious
53:53.3,6.864,TCP  ,10004_35,51835,EXT_SERVER,22,8,1625,1,.APRSF,0,suspicious
54:03.6,15.238,TCP  ,10001_123,4697,EXT_SERVER,22,16,2997,1,.APRS.,0,suspicious
54:35.1,0.001,TCP  ,10079_235,57841,EXT_SERVER,7547,1,46,1,....S.,0,suspicious
54:28.4,9.859,TCP  ,10006_27,13950,EXT_SERVER,22,17,2261,1,.APRSF,0,suspicious
54:28.0,14.819,TCP  ,10001_123,3215,EXT_SERVER,22,14,2953,1,.APRS.,0,suspicious
54:39.9,9.428,TCP  ,10004_35,31583,EXT_SERVER,22,3,166,1,...RS.,0,suspicious
51:45.4,7.958,TCP  ,10006_27,43588,EXT_SERVER,22,17,2283,1,.AP.SF,0,suspicious
54:58.6,14.088,TCP  ,10001_123,3301,EXT_SERVER,22,13,2779,1,.APRS.,0,suspicious
55:18.7,0.31,TCP  ,10001_123,4688,EXT_SERVER,22,2,94,1,...RS.,0,suspicious
55:24.0,6.909,TCP  ,10004_35,34320,EXT_SERVER,22,5,280,1,.APRSF,0,suspicious
55:32.9,0,TCP  ,10080_88,37360,EXT_SERVER,23,1,46,1,....S.,0,suspicious
52:39.0,12.801,TCP  ,10006_27,18900,EXT_SERVER,22,20,2447,1,.AP.SF,0,suspicious
55:51.9,0.025,TCP  ,10081_11,59432,EXT_SERVER,3386,2,92,1,...RS.,0,suspicious
51:28.2,89.961,TCP  ,10004_35,34933,EXT_SERVER,22,6,983,1,.AP.SF,0,suspicious
54:44.9,86.657,TCP  ,10004_35,21830,EXT_SERVER,22,8,1347,1,.APRSF,0,suspicious
56:04.2,14.445,TCP  ,10001_123,2688,EXT_SERVER,22,13,2779,1,.APRS.,0,suspicious
56:33.3,0,TCP  ,10082_175,57242,EXT_SERVER,23,1,46,1,....S.,0,suspicious
53:33.9,9.336,TCP  ,10006_27,15022,EXT_SERVER,22,17,2311,1,.AP.SF,0,suspicious
56:38.4,14.939,TCP  ,10001_123,1158,EXT_SERVER,22,16,2981,1,.APRS.,0,suspicious
57:06.3,16.053,TCP  ,10001_123,1338,EXT_SERVER,22,13,3027,1,.APRS.,0,suspicious
54:23.4,0,UDP  ,10025_123,5080,EXT_SERVER,5060,1,438,1,......,0,suspicious
57:32.3,13.908,TCP  ,10001_123,1932,EXT_SERVER,22,16,3091,1,.APRS.,0,suspicious
57:51.4,0,TCP  ,10083_50,53,EXT_SERVER,53,1,46,1,....S.,0,suspicious
57:48.6,14.368,TCP  ,10001_123,3378,EXT_SERVER,22,18,3183,1,.APRS.,0,suspicious
56:06.3,120.922,TCP  ,10004_35,24557,EXT_SERVER,22,5,277,1,.APRSF,0,suspicious
58:18.5,0,TCP  ,10084_120,34592,EXT_SERVER,23,1,46,1,....S.,0,suspicious
58:09.5,13.615,TCP  ,10001_123,2642,EXT_SERVER,22,13,2779,1,.APRS.,0,suspicious
55:24.1,9.302,TCP  ,10006_27,20166,EXT_SERVER,22,17,2267,1,.AP.SF,0,suspicious
58:28.7,14.578,TCP  ,10001_123,1648,EXT_SERVER,22,15,2871,1,.APRS.,0,suspicious
56:50.1,123.447,TCP  ,10004_35,23856,EXT_SERVER,22,8,455,1,.APRSF,0,suspicious
58:55.7,0.027,TCP  ,10081_11,59432,EXT_SERVER,3394,2,92,1,...RS.,0,suspicious
58:46.5,13.043,TCP  ,10001_123,4233,EXT_SERVER,22,14,2825,1,.APRS.,0,suspicious
59:08.2,15.159,TCP  ,10001_123,2816,EXT_SERVER,22,19,3071,1,.APRS.,0,suspicious
56:20.4,9.376,TCP  ,10006_27,30538,EXT_SERVER,22,17,2267,1,.AP.SF,0,suspicious
59:39.8,13.185,TCP  ,10001_123,1715,EXT_SERVER,22,13,2779,1,.APRS.,0,suspicious
59:56.0,0,TCP  ,10085_68,26901,EXT_SERVER,2323,1,46,1,....S.,0,suspicious
59:54.0,12.64,TCP  ,10001_123,2199,EXT_SERVER,22,13,2843,1,.APRS.,0,suspicious
00:09.7,12.555,TCP  ,10001_123,1441,EXT_SERVER,22,13,2843,1,.APRS.,0,suspicious
57:14.3,8.971,TCP  ,10006_27,63879,EXT_SERVER,22,17,2267,1,.AP.SF,0,suspicious
00:33.9,0,TCP  ,10060_92,16308,EXT_SERVER,23,1,46,1,....S.,0,suspicious
00:34.0,0,TCP  ,10060_92,16308,EXT_SERVER,2323,1,46,1,....S.,0,suspicious
00:28.4,6.417,TCP  ,10004_35,22897,EXT_SERVER,22,7,1029,1,.APRSF,0,suspicious
00:32.4,15.391,TCP  ,10001_123,4801,EXT_SERVER,22,17,3033,1,.APRS.,0,suspicious
59:00.1,121.911,TCP  ,10004_35,62594,EXT_SERVER,22,8,433,1,.APRSF,0,suspicious
00:54.7,14.61,TCP  ,10001_123,4149,EXT_SERVER,22,13,2779,1,.APRS.,0,suspicious
58:07.4,9.418,TCP  ,10006_27,39367,EXT_SERVER,22,17,2267,1,.AP.SF,0,suspicious
01:24.2,0,TCP  ,10086_189,42533,EXT_SERVER,5555,1,46,1,....S.,0,suspicious
01:18.6,6.898,TCP  ,10004_35,29033,EXT_SERVER,22,8,435,1,.APRSF,0,suspicious
01:31.2,0,TCP  ,10087_19,52066,EXT_SERVER,5353,1,46,1,....S.,0,suspicious
01:18.2,15.986,TCP  ,10001_123,2802,EXT_SERVER,22,13,2779,1,.APRS.,0,suspicious
59:45.1,122.834,TCP  ,10004_35,15218,EXT_SERVER,22,5,262,1,.A.RS.,0,suspicious
01:13.6,33.466,TCP  ,10004_35,36548,EXT_SERVER,22,4,226,1,...RS.,0,suspicious
01:54.0,0,TCP  ,10088_202,54727,EXT_SERVER,7547,1,46,1,....S.,0,suspicious
01:42.7,15.194,TCP  ,10001_123,3696,EXT_SERVER,22,13,2779,1,.APRS.,0,suspicious
59:01.5,7.827,TCP  ,10006_27,21117,EXT_SERVER,22,17,2267,1,.AP.SF,0,suspicious
01:58.0,11.347,TCP  ,10004_35,44325,EXT_SERVER,22,10,1589,1,.APRSF,0,suspicious
02:09.2,0,TCP  ,10089_31,60919,EXT_SERVER,7547,1,46,1,....S.,0,suspicious
59:17.0,9.183,TCP  ,10012_224,46861,EXT_SERVER,22,15,2163,1,.AP.SF,0,suspicious
58:16.4,71.486,TCP  ,10004_35,10280,EXT_SERVER,22,6,983,1,.AP.SF,0,suspicious
02:14.3,15.784,TCP  ,10001_123,3977,EXT_SERVER,22,17,3073,1,.APRS.,0,suspicious
57:33.8,121.458,TCP  ,10004_35,22445,EXT_SERVER,22,4,239,1,.AP.SF,0,suspicious
59:25.9,9.324,TCP  ,10012_224,55452,EXT_SERVER,22,19,2371,1,.AP.SF,0,suspicious
59:34.9,8.408,TCP  ,10012_224,34772,EXT_SERVER,22,15,2163,1,.AP.SF,0,suspicious
02:40.8,8.079,TCP  ,10004_35,36550,EXT_SERVER,22,5,277,1,.APRSF,0,suspicious
59:42.9,8.645,TCP  ,10012_224,38807,EXT_SERVER,22,17,2267,1,.AP.SF,0,suspicious
59:51.2,9.919,TCP  ,10012_224,42359,EXT_SERVER,22,15,2163,1,.AP.SF,0,suspicious
59:54.2,8.86,TCP  ,10006_27,54846,EXT_SERVER,22,17,2267,1,.AP.SF,0,suspicious
02:50.4,15.043,TCP  ,10001_123,4403,EXT_SERVER,22,14,2953,1,.APRS.,0,suspicious
00:00.8,9.391,TCP  ,10012_224,52308,EXT_SERVER,22,15,2163,1,.AP.SF,0,suspicious
03:10.6,0,TCP  ,10090_207,55102,EXT_SERVER,23,1,46,1,....S.,0,suspicious
00:09.9,10.244,TCP  ,10012_224,58934,EXT_SERVER,22,15,2163,1,.AP.SF,0,suspicious
00:19.8,10.061,TCP  ,10012_224,39488,EXT_SERVER,22,17,2267,1,.AP.SF,0,suspicious
03:27.4,6.347,TCP  ,10004_35,39155,EXT_SERVER,22,5,277,1,.APRSF,0,suspicious
03:20.4,15.961,TCP  ,10001_123,1613,EXT_SERVER,22,17,3027,1,.APRS.,0,suspicious
00:29.5,9.997,TCP  ,10012_224,47746,EXT_SERVER,22,20,2423,1,.AP.SF,0,suspicious
00:39.2,9.305,TCP  ,10012_224,55226,EXT_SERVER,22,17,2267,1,.AP.SF,0,suspicious
03:38.3,13.912,TCP  ,10001_123,4671,EXT_SERVER,22,13,2907,1,.APRS.,0,suspicious
00:48.2,9.733,TCP  ,10012_224,32921,EXT_SERVER,22,17,2267,1,.AP.SF,0,suspicious
00:48.4,9.117,TCP  ,10006_27,49590,EXT_SERVER,22,15,2163,1,.AP.SF,0,suspicious
00:57.9,10.242,TCP  ,10012_224,40220,EXT_SERVER,22,19,2371,1,.AP.SF,0,suspicious
04:07.5,6.893,TCP  ,10004_35,33798,EXT_SERVER,22,6,329,1,.APRS.,0,suspicious
01:07.9,10.272,TCP  ,10012_224,48012,EXT_SERVER,22,18,2319,1,.AP.SF,0,suspicious
04:04.5,16.406,TCP  ,10001_123,4658,EXT_SERVER,22,15,3685,1,.APRS.,0,suspicious
01:17.8,11.431,TCP  ,10012_224,55680,EXT_SERVER,22,18,2319,1,.AP.SF,0,suspicious
01:28.9,11.579,TCP  ,10012_224,39940,EXT_SERVER,22,18,2319,1,.AP.SF,0,suspicious
04:33.7,15.262,TCP  ,10001_123,3521,EXT_SERVER,22,16,2917,1,.APRS.,0,suspicious
01:40.1,10.404,TCP  ,10012_224,50950,EXT_SERVER,22,19,2371,1,.AP.SF,0,suspicious
01:44.4,9.46,TCP  ,10006_27,49112,EXT_SERVER,22,17,2267,1,.AP.SF,0,suspicious
01:50.2,10.073,TCP  ,10012_224,59287,EXT_SERVER,22,15,2163,1,.AP.SF,0,suspicious
04:50.3,13.131,TCP  ,10004_35,32247,EXT_SERVER,22,6,329,1,.APRSF,0,suspicious
04:51.5,13.471,TCP  ,10001_123,2448,EXT_SERVER,22,13,2779,1,.APRS.,0,suspicious
05:09.8,0,TCP  ,10091_22,20429,EXT_SERVER,5358,1,46,1,....S.,0,suspicious
02:00.0,10.077,TCP  ,10012_224,39093,EXT_SERVER,22,15,2163,1,.AP.SF,0,suspicious
05:19.0,0,TCP  ,10092_194,47114,EXT_SERVER,23,1,46,1,....S.,0,suspicious
02:09.7,10.493,TCP  ,10012_224,49728,EXT_SERVER,22,15,2163,1,.AP.SF,0,suspicious
02:19.9,10.014,TCP  ,10012_224,36652,EXT_SERVER,22,15,2163,1,.AP.SF,0,suspicious
05:26.3,9.908,TCP  ,10008_104,33794,EXT_SERVER,22,17,2261,1,.APRSF,0,suspicious
02:29.6,11.495,TCP  ,10012_224,46485,EXT_SERVER,22,17,2267,1,.AP.SF,0,suspicious
05:40.9,6.453,TCP  ,10004_35,51549,EXT_SERVER,22,6,359,1,.APRSF,0,suspicious
02:39.4,9.5,TCP  ,10006_27,38936,EXT_SERVER,22,15,2163,1,.AP.SF,0,suspicious
05:35.6,13.297,TCP  ,10001_123,2536,EXT_SERVER,22,14,3063,1,.APRS.,0,suspicious
02:40.7,10.502,TCP  ,10012_224,35544,EXT_SERVER,22,15,2179,1,.AP.SF,0,suspicious
05:56.3,0,TCP  ,10093_191,37891,EXT_SERVER,23,1,46,1,....S.,0,suspicious
05:57.0,0,TCP  ,10094_164,35264,EXT_SERVER,3306,1,46,1,....S.,0,suspicious
03:11.0,0,UDP  ,10095_221,60469,EXT_SERVER,47808,1,63,1,......,0,suspicious
06:12.6,12.747,TCP  ,10001_123,4877,EXT_SERVER,22,13,2779,1,.APRS.,0,suspicious
06:29.3,11.946,TCP  ,10004_35,14238,EXT_SERVER,22,6,314,1,.A.RSF,0,suspicious
06:44.5,0,TCP  ,10096_213,50447,EXT_SERVER,5358,1,46,1,....S.,0,suspicious
03:37.9,9.426,TCP  ,10006_27,54348,EXT_SERVER,22,15,2163,1,.AP.SF,0,suspicious
07:03.4,13.99,TCP  ,10001_123,3549,EXT_SERVER,22,13,2779,1,.APRS.,0,suspicious
07:09.0,10.602,TCP  ,10008_114,53476,EXT_SERVER,22,15,2157,1,.APRSF,0,suspicious
07:23.8,10.064,TCP  ,10006_27,50171,EXT_SERVER,22,17,2261,1,.APRSF,0,suspicious
04:32.7,9.311,TCP  ,10006_27,47044,EXT_SERVER,22,15,2163,1,.AP.SF,0,suspicious
07:32.2,17.928,TCP  ,10001_123,3278,EXT_SERVER,22,18,3009,1,.APRS.,0,suspicious
04:56.5,9.948,TCP  ,10008_104,41009,EXT_SERVER,22,15,2163,1,.AP.SF,0,suspicious
05:06.0,10.711,TCP  ,10008_104,57713,EXT_SERVER,22,15,2163,1,.AP.SF,0,suspicious
05:16.4,10.213,TCP  ,10008_104,47514,EXT_SERVER,22,17,2267,1,.AP.SF,0,suspicious
08:21.6,9.423,TCP  ,10054_224,56766,EXT_SERVER,22,15,2157,1,.APRSF,0,suspicious
05:27.2,9.251,TCP  ,10006_27,48162,EXT_SERVER,22,17,2267,1,.AP.SF,0,suspicious
05:35.9,8.997,TCP  ,10008_104,46244,EXT_SERVER,22,17,2283,1,.AP.SF,0,suspicious
05:44.5,10.264,TCP  ,10008_104,54373,EXT_SERVER,22,18,2319,1,.AP.SF,0,suspicious
05:54.4,9.343,TCP  ,10008_104,37258,EXT_SERVER,22,17,2267,1,.AP.SF,0,suspicious
08:51.9,15.067,TCP  ,10001_123,4966,EXT_SERVER,22,16,2917,1,.APRS.,0,suspicious
06:03.4,9.745,TCP  ,10008_104,42799,EXT_SERVER,22,18,2319,1,.AP.SF,0,suspicious
06:12.8,10.112,TCP  ,10008_104,50874,EXT_SERVER,22,17,2267,1,.AP.SF,0,suspicious
07:43.4,101.474,TCP  ,10097_154,15657,EXT_SERVER,80,6,383,1,.AP.SF,0,unknown
06:22.6,10.144,TCP  ,10008_104,32814,EXT_SERVER,22,17,2267,1,.AP.SF,0,suspicious
09:17.1,15.903,TCP  ,10001_123,1940,EXT_SERVER,22,16,3027,1,.APRS.,0,suspicious
06:25.1,9.686,TCP  ,10006_27,17891,EXT_SERVER,22,17,2267,1,.AP.SF,0,suspicious
06:27.1,9.834,TCP  ,10054_224,36776,EXT_SERVER,22,17,2267,1,.AP.SF,0,suspicious
09:36.0,0,TCP  ,10098_166,9270,EXT_SERVER,23,1,46,1,....S.,0,suspicious
06:32.4,9.88,TCP  ,10008_104,40169,EXT_SERVER,22,15,2163,1,.AP.SF,0,suspicious
06:36.6,9.683,TCP  ,10054_224,50597,EXT_SERVER,22,16,2215,1,.AP.SF,0,suspicious
09:38.7,10.467,TCP  ,10054_224,48212,EXT_SERVER,22,17,2261,1,.APRSF,0,suspicious
06:41.9,9.182,TCP  ,10008_104,47358,EXT_SERVER,22,17,2267,1,.AP.SF,0,suspicious
09:42.2,9.963,TCP  ,10008_114,47184,EXT_SERVER,22,17,2261,1,.APRSF,0,suspicious
06:46.0,9.669,TCP  ,10054_224,60544,EXT_SERVER,22,17,2267,1,.AP.SF,0,suspicious
06:57.2,0,UDP  ,10099_127,5081,EXT_SERVER,5060,1,439,1,......,0,suspicious
06:50.8,9.865,TCP  ,10008_104,52894,EXT_SERVER,22,18,2351,1,.AP.SF,0,suspicious
09:46.0,14.513,TCP  ,10001_123,2237,EXT_SERVER,22,13,2779,1,.APRS.,0,suspicious
06:55.3,9.553,TCP  ,10054_224,45608,EXT_SERVER,22,15,2163,1,.AP.SF,0,suspicious
07:00.3,10.395,TCP  ,10008_104,58473,EXT_SERVER,22,18,2335,1,.AP.SF,0,suspicious
07:04.5,10.048,TCP  ,10054_224,56887,EXT_SERVER,22,17,2267,1,.AP.SF,0,suspicious
10:04.5,14.628,TCP  ,10001_123,4913,EXT_SERVER,22,16,2917,1,.APRS.,0,suspicious
07:10.3,9.8,TCP  ,10008_104,38580,EXT_SERVER,22,17,2283,1,.AP.SF,0,suspicious
10:11.1,9.453,TCP  ,10006_27,26774,EXT_SERVER,22,17,2261,1,.APRSF,0,suspicious
10:12.4,9.839,TCP  ,10004_35,34592,EXT_SERVER,22,8,1359,1,.APRSF,0,suspicious
10:23.6,120.485,TCP  ,10004_35,33905,EXT_SERVER,22,5,931,1,.AP.S.,0,suspicious
07:14.2,9.816,TCP  ,10054_224,40646,EXT_SERVER,22,18,2319,1,.AP.SF,0,suspicious
08:01.9,145.723,TCP  ,10004_35,33239,EXT_SERVER,22,6,328,1,.A.RS.,0,suspicious
07:19.3,9.652,TCP  ,10008_114,37452,EXT_SERVER,22,15,2163,1,.AP.SF,0,suspicious
07:19.8,9.272,TCP  ,10008_104,47394,EXT_SERVER,22,17,2267,1,.AP.SF,0,suspicious
07:23.7,9.323,TCP  ,10054_224,55085,EXT_SERVER,22,17,2267,1,.AP.SF,0,suspicious
10:36.5,0,TCP  ,10100_221,47211,EXT_SERVER,23,1,46,1,....S.,0,suspicious
07:28.6,9.057,TCP  ,10008_114,46426,EXT_SERVER,22,15,2163,1,.AP.SF,0,suspicious
07:28.7,9.891,TCP  ,10008_104,53444,EXT_SERVER,22,17,2267,1,.AP.SF,0,suspicious
07:32.7,9.896,TCP  ,10054_224,35267,EXT_SERVER,22,15,2163,1,.AP.SF,0,suspicious
07:37.4,10.516,TCP  ,10008_114,53374,EXT_SERVER,22,17,2279,1,.AP.SF,0,suspicious
07:38.3,9.827,TCP  ,10008_104,34715,EXT_SERVER,22,17,2267,1,.AP.SF,0,suspicious
07:42.3,9.936,TCP  ,10054_224,45088,EXT_SERVER,22,17,2267,1,.AP.SF,0,suspicious
07:47.6,10.096,TCP  ,10008_114,34769,EXT_SERVER,22,15,2163,1,.AP.SF,0,suspicious
07:47.8,9.787,TCP  ,10008_104,42874,EXT_SERVER,22,15,2163,1,.AP.SF,0,suspicious
09:28.2,89.394,TCP  ,10004_35,29141,EXT_SERVER,22,8,1081,1,.APRSF,0,suspicious
07:51.9,10.479,TCP  ,10054_224,55126,EXT_SERVER,22,15,2163,1,.AP.SF,0,suspicious
10:51.0,14.244,TCP  ,10001_123,4936,EXT_SERVER,22,13,2779,1,.APRS.,0,suspicious
07:57.3,9.56,TCP  ,10008_114,44139,EXT_SERVER,22,15,2163,1,.AP.SF,0,suspicious
07:57.2,9.79,TCP  ,10008_104,51519,EXT_SERVER,22,15,2179,1,.AP.SF,0,suspicious
08:02.1,9.775,TCP  ,10054_224,37450,EXT_SERVER,22,17,2283,1,.AP.SF,0,suspicious
08:06.6,9.709,TCP  ,10008_114,51413,EXT_SERVER,22,15,2163,1,.AP.SF,0,suspicious
08:06.7,10.076,TCP  ,10008_104,59550,EXT_SERVER,22,17,2267,1,.AP.SF,0,suspicious
08:11.5,10.47,TCP  ,10054_224,46460,EXT_SERVER,22,16,2227,1,.AP.SF,0,suspicious
11:10.9,13.595,TCP  ,10001_123,4365,EXT_SERVER,22,16,2917,1,.APRS.,0,suspicious
08:16.0,9.975,TCP  ,10008_114,59145,EXT_SERVER,22,17,2267,1,.AP.SF,0,suspicious
08:16.4,11.008,TCP  ,10008_104,41153,EXT_SERVER,22,15,2163,1,.AP.SF,0,suspicious
08:25.6,9.203,TCP  ,10008_114,37731,EXT_SERVER,22,17,2267,1,.AP.SF,0,suspicious
08:20.3,16.544,TCP  ,10006_27,25646,EXT_SERVER,22,17,2435,1,.AP.SF,0,suspicious
08:30.7,9.902,TCP  ,10054_224,35466,EXT_SERVER,22,17,2267,1,.AP.SF,0,suspicious
11:26.5,14.31,TCP  ,10001_123,4116,EXT_SERVER,22,17,2963,1,.APRS.,0,suspicious
08:34.5,10.44,TCP  ,10008_114,41598,EXT_SERVER,22,15,2163,1,.AP.SF,0,suspicious
08:40.3,10.305,TCP  ,10054_224,43742,EXT_SERVER,22,17,2267,1,.AP.SF,0,suspicious
11:39.4,11.504,TCP  ,10004_35,37796,EXT_SERVER,22,6,341,1,.APRS.,0,suspicious
08:44.6,9.417,TCP  ,10008_114,49564,EXT_SERVER,22,17,2267,1,.AP.SF,0,suspicious
08:50.3,10.882,TCP  ,10054_224,55612,EXT_SERVER,22,17,2267,1,.AP.SF,0,suspicious
08:53.7,9.673,TCP  ,10008_114,56437,EXT_SERVER,22,15,2163,1,.AP.SF,0,suspicious
09:00.8,10.219,TCP  ,10054_224,39914,EXT_SERVER,22,18,2319,1,.AP.SF,0,suspicious
09:03.1,11.033,TCP  ,10008_114,34757,EXT_SERVER,22,17,2267,1,.AP.SF,0,suspicious
07:17.3,121.852,TCP  ,10004_35,22116,EXT_SERVER,22,7,671,1,.AP.SF,0,suspicious
09:10.7,10.099,TCP  ,10054_224,50239,EXT_SERVER,22,17,2267,1,.AP.SF,0,suspicious
09:13.8,10.42,TCP  ,10008_114,47225,EXT_SERVER,22,17,2267,1,.AP.SF,0,suspicious
09:18.1,10.071,TCP  ,10006_27,44062,EXT_SERVER,22,15,2179,1,.AP.SF,0,suspicious
09:20.5,9.754,TCP  ,10054_224,58757,EXT_SERVER,22,17,2267,1,.AP.SF,0,suspicious
12:24.3,5.888,TCP  ,10004_35,43123,EXT_SERVER,22,5,316,1,.APRS.,0,suspicious
09:23.9,9.621,TCP  ,10008_114,58211,EXT_SERVER,22,17,2267,1,.AP.SF,0,suspicious
09:29.9,9.131,TCP  ,10054_224,39348,EXT_SERVER,22,15,2163,1,.AP.SF,0,suspicious
09:33.2,9.889,TCP  ,10008_114,38760,EXT_SERVER,22,20,2423,1,.AP.SF,0,suspicious
12:28.9,14.784,TCP  ,10001_123,1822,EXT_SERVER,22,17,3027,1,.APRS.,0,suspicious
09:48.9,9.452,TCP  ,10054_224,59237,EXT_SERVER,22,15,2163,1,.AP.SF,0,suspicious
09:51.8,9.752,TCP  ,10008_114,60045,EXT_SERVER,22,19,2371,1,.AP.SF,0,suspicious
10:56.2,125.755,TCP  ,10004_35,30333,EXT_SERVER,22,6,314,1,.A.RSF,0,suspicious
10:01.2,10.609,TCP  ,10008_114,45959,EXT_SERVER,22,17,2267,1,.AP.SF,0,suspicious
10:11.5,10.061,TCP  ,10008_114,33597,EXT_SERVER,22,17,2267,1,.AP.SF,0,suspicious
13:08.5,13.088,TCP  ,10001_123,4628,EXT_SERVER,22,13,2779,1,.APRS.,0,suspicious
13:24.1,0.021,TCP  ,10081_11,59432,EXT_SERVER,3390,2,92,1,...RS.,0,suspicious
10:21.3,9.902,TCP  ,10008_114,44348,EXT_SERVER,22,17,2267,1,.AP.SF,0,suspicious
10:30.8,9.945,TCP  ,10008_114,53833,EXT_SERVER,22,20,2423,1,.AP.SF,0,suspicious
13:51.7,14.756,TCP  ,10001_123,3354,EXT_SERVER,22,15,2981,1,.APRS.,0,suspicious
11:10.6,8.691,TCP  ,10006_27,16539,EXT_SERVER,22,15,2179,1,.AP.SF,0,suspicious
11:19.9,0.016,UDP  ,10014_199,123,EXT_SERVER,55004,1,76,1,......,0,suspicious
14:55.8,123.911,TCP  ,10004_35,13129,EXT_SERVER,22,5,276,1,.A..S.,0,suspicious
12:05.2,8.241,TCP  ,10006_27,24315,EXT_SERVER,22,16,2215,1,.AP.SF,0,suspicious
13:08.8,126.16,TCP  ,10004_35,53718,EXT_SERVER,22,6,974,1,.APRSF,0,suspicious
15:05.3,14.245,TCP  ,10001_123,4789,EXT_SERVER,22,13,2779,1,.APRS.,0,suspicious
17:12.1,30.997,TCP  ,10032_241,34528,EXT_SERVER,22,1,46,1,....S.,0,suspicious
15:32.2,15.199,TCP  ,10001_123,1979,EXT_SERVER,22,13,2779,1,.APRS.,0,suspicious
13:51.6,123.152,TCP  ,10004_35,60335,EXT_SERVER,22,5,262,1,.A.RS.,0,suspicious
17:28.4,30.998,TCP  ,10028_233,7257,EXT_SERVER,80,1,46,1,....S.,0,unknown
17:28.4,30.998,TCP  ,10028_233,7839,EXT_SERVER,22,1,46,1,....S.,0,suspicious
15:50.0,14.127,TCP  ,10001_123,3025,EXT_SERVER,22,13,2843,1,.APRS.,0,suspicious
16:03.0,7.554,TCP  ,10004_35,61440,EXT_SERVER,22,6,359,1,.APRSF,0,suspicious
13:04.1,9.038,TCP  ,10006_27,62741,EXT_SERVER,22,15,2163,1,.AP.SF,0,suspicious
14:35.9,121.9,TCP  ,10004_35,64110,EXT_SERVER,22,6,322,1,.A.RSF,0,suspicious
16:44.9,13.028,TCP  ,10001_123,4989,EXT_SERVER,22,13,2779,1,.APRS.,0,suspicious
13:59.3,9.606,TCP  ,10006_27,14974,EXT_SERVER,22,15,2179,1,.AP.SF,0,suspicious
18:45.9,30.999,TCP  ,10004_35,11697,EXT_SERVER,22,1,60,1,....S.,0,suspicious
15:19.6,120.472,TCP  ,10004_35,63685,EXT_SERVER,22,6,335,1,.APRSF,0,suspicious
17:26.7,14.726,TCP  ,10001_123,2973,EXT_SERVER,22,16,3027,1,.APRS.,0,suspicious
14:57.0,9.082,TCP  ,10006_27,53892,EXT_SERVER,22,15,2179,1,.AP.SF,0,suspicious
18:19.2,12.286,TCP  ,10001_123,3405,EXT_SERVER,22,13,2779,1,.APRS.,0,suspicious
18:33.8,13.85,TCP  ,10001_123,3365,EXT_SERVER,22,13,2779,1,.APRS.,0,suspicious
18:20.7,32.147,TCP  ,10004_35,41226,EXT_SERVER,22,7,381,1,.APRSF,0,suspicious
15:55.5,9.461,TCP  ,10006_27,34039,EXT_SERVER,22,16,2215,1,.AP.SF,0,suspicious
18:53.5,14.756,TCP  ,10001_123,2680,EXT_SERVER,22,14,2935,1,.APRS.,0,suspicious
19:10.7,13.287,TCP  ,10001_123,3966,EXT_SERVER,22,15,2871,1,.APRS.,0,suspicious
17:30.2,121.801,TCP  ,10004_35,62904,EXT_SERVER,22,5,277,1,.APRS.,0,suspicious
16:58.1,9.412,TCP  ,10006_27,38834,EXT_SERVER,22,17,2267,1,.AP.SF,0,suspicious
20:10.7,13.521,TCP  ,10001_123,3204,EXT_SERVER,22,13,2779,1,.APRS.,0,suspicious
20:22.2,5.916,TCP  ,10004_35,37648,EXT_SERVER,22,4,261,1,.APRS.,0,suspicious
18:57.0,120.456,TCP  ,10004_35,55506,EXT_SERVER,22,5,283,1,.APRSF,0,suspicious
17:49.1,9.32,TCP  ,10006_27,55919,EXT_SERVER,22,19,2399,1,.AP.SF,0,suspicious
21:06.2,14.087,TCP  ,10001_123,2116,EXT_SERVER,22,13,2779,1,.APRS.,0,suspicious
21:23.6,0.301,TCP  ,10001_123,4964,EXT_SERVER,22,2,94,1,...RS.,0,suspicious
16:47.0,123.097,TCP  ,10004_35,10434,EXT_SERVER,22,7,399,1,.AP.SF,0,suspicious
18:45.2,9.122,TCP  ,10006_27,33396,EXT_SERVER,22,17,2279,1,.AP.SF,0,suspicious
21:49.7,9.36,TCP  ,10004_35,35966,EXT_SERVER,22,9,2053,1,.APRSF,0,suspicious
21:52.2,15.454,TCP  ,10001_123,1079,EXT_SERVER,22,15,2871,1,.APRS.,0,suspicious
22:18.5,15.683,TCP  ,10001_123,1439,EXT_SERVER,22,14,2825,1,.APRS.,0,suspicious
22:36.0,2.935,TCP  ,10001_123,1560,EXT_SERVER,22,10,2091,1,.APRS.,0,suspicious
22:33.1,6.379,TCP  ,10004_35,31093,EXT_SERVER,22,7,381,1,.APRSF,0,suspicious
22:30.0,11.413,TCP  ,10006_27,58640,EXT_SERVER,22,16,2221,1,.APRSF,0,suspicious
19:44.8,9.062,TCP  ,10006_27,26051,EXT_SERVER,22,15,2163,1,.AP.SF,0,suspicious
21:06.5,120.882,TCP  ,10004_35,42403,EXT_SERVER,22,7,396,1,.APRSF,0,suspicious
23:25.1,10.469,TCP  ,10006_27,42818,EXT_SERVER,22,17,2273,1,.APRSF,0,suspicious
19:39.6,67.047,TCP  ,10004_35,47285,EXT_SERVER,22,5,376,1,.AP.SF,0,suspicious
20:42.7,9.82,TCP  ,10006_27,50947,EXT_SERVER,22,15,2163,1,.AP.SF,0,suspicious
23:59.6,9.12,TCP  ,10004_35,24503,EXT_SERVER,22,7,659,1,.APRSF,0,suspicious
21:36.5,11.631,TCP  ,10006_27,25987,EXT_SERVER,22,17,2350,1,.AP.SF,0,suspicious
23:16.6,120.922,TCP  ,10004_35,31174,EXT_SERVER,22,4,225,1,.APRS.,0,suspicious
24:43.6,120.901,TCP  ,10004_35,25906,EXT_SERVER,22,4,858,1,.APRS.,0,suspicious
26:53.4,16.939,TCP  ,10004_35,11191,EXT_SERVER,22,8,705,1,.APRS.,0,suspicious
24:19.7,8.15,TCP  ,10006_27,29826,EXT_SERVER,22,17,2267,1,.AP.SF,0,suspicious
25:26.3,120.882,TCP  ,10004_35,17427,EXT_SERVER,22,5,277,1,.APRS.,0,suspicious
27:49.0,0.026,TCP  ,10081_11,59432,EXT_SERVER,3397,2,92,1,...RS.,0,suspicious
25:13.5,8.823,TCP  ,10006_27,10590,EXT_SERVER,22,17,2267,1,.AP.SF,0,suspicious
28:50.1,10.696,TCP  ,10006_27,43582,EXT_SERVER,22,17,2273,1,.APRSF,0,suspicious
26:06.4,9.972,TCP  ,10006_27,34939,EXT_SERVER,22,15,2163,1,.AP.SF,0,suspicious
27:39.2,120.865,TCP  ,10004_35,14358,EXT_SERVER,22,7,653,1,.APRSF,0,suspicious
